"lsoa11cd","lsoa11nm","IMD.2010.adjusted","National.quintile1","National.decile2","imd_rank","GOR.CODE","GOR.NAME","IMD.SCORE","RANK.OF.IMD.SCORE..where.1.is.most.deprived.","INCOME.SCORE","RANK.OF.INCOME.SCORE..where.1.is.most.deprived.","EMPLOYMENT.SCORE","RANK.OF.EMPLOYMENT.SCORE..where.1.is.most.deprived.","HEALTH.DEPRIVATION.AND.DISABILITY.SCORE","RANK.OF.HEALTH.DEPRIVATION.AND.DISABILITY.SCORE..where.1.is.most.deprived.","EDUCATION.SKILLS.AND.TRAINING.SCORE","RANK.OF.EDUCATION.SKILLS.AND.TRAINING.SCORE..where.1.is.most.deprived.","BARRIERS.TO.HOUSING.AND.SERVICES.SCORE","RANK.OF.BARRIERS.TO.HOUSING.AND.SERVICES.SCORE..where.1.is.most.deprived.","CRIME.AND.DISORDER.SCORE","RANK.OF.CRIME.SCORE..where.1.is.most.deprived.","LIVING.ENVIRONMENT.SCORE","RANK.OF.LIVING.ENVIRONMENT.SCORE..where.1.is.most.deprived.","Indoors.Sub.domain.Score","Indoors.Sub.domain.Rank..where.1.is.most.deprived.","Outdoors.Sub.domain.Score","Outdoors.Sub.domain.Rank..where.1.is.most.deprived.","Geographical.Barriers.Sub.domain.Score","Geographical.Barriers.Sub.domain.Rank..where.1.is.most.deprived.","Wider.Barriers.Sub.domain.Score","Wider.Barriers.Sub.domain.Rank..where.1.is.most.deprived.","Children.Young.People.Sub.domain.Score","Children.Young.People.Sub.domain.Rank..where.1.is.most.deprived.","Skills.Sub.domain.Score","Skills.Sub.domain.Rank..where.1.is.most.deprived.","IDACI.score","Rank.of.IDACI..where.1.is.most.deprived.","IDAOPI.score","Rank.of.IDAOPI..where.1.is.most.deprived."
"E01006512","Liverpool 031A",19.53,3,5,14481,"B","North West",19.53,14342,0.08,21164,0.06,21816,1.11,3364,8.26,23349,30.99,6487,-0.51,23643,37.7,5698,47.89,3677,17.32,15070,18.44,14339,43.54,4532,14.91,16782,1.6,30266,0.23,11658,0.32,5935
"E01006513","Liverpool 060A",22.89,2,4,12103,"B","North West",22.89,11973,0.06,24533,0.04,26882,0.98,4313,4.67,27466,22.81,13543,1.32,1625,57.29,1400,54.48,2655,62.91,1710,0.79,31370,44.83,4261,6.21,24698,3.13,28294,0.35,6193,0.34,5359
"E01006514","Liverpool 037A",53.62,1,1,1593,"B","North West",53.62,1603,0.28,4346,0.27,806,2.12,229,10.25,21338,28.84,8057,1.16,2449,49.38,2677,57.57,2268,33.01,7411,10.67,20269,47.01,3837,17.69,14826,2.82,28692,0.25,10260,0.62,364
"E01006515","Liverpool 037B",73.82,1,1,106,"B","North West",73.82,111,0.54,83,0.32,288,2.25,157,35.98,6355,25.21,11207,1.71,527,50.05,2528,56.74,2367,36.67,6258,13.76,17665,36.66,6260,31.46,7955,40.5,5233,0.73,136,0.95,20
"E01006518","Liverpool 044A",70.68,1,1,203,"B","North West",70.68,211,0.49,284,0.34,183,2.38,88,62.48,1522,19.67,16829,0.52,8880,44.33,3826,55.64,2504,21.7,12388,3.85,27406,35.5,6607,69.07,1209,55.9,2471,0.67,293,0.62,362
"E01006519","Liverpool 056A",13.36,4,7,20165,"B","North West",13.36,19962,0.05,27300,0.08,17585,0.5,9187,1.74,30925,18.04,18698,0.28,12117,23.7,11565,18.37,14383,34.38,6957,19.56,13636,16.53,15616,1.57,30308,1.91,29861,0.04,28891,0.09,26312
"E01006520","Liverpool 043A",48.83,1,1,2405,"B","North West",48.83,2411,0.26,5109,0.23,1554,1.86,565,12.35,19411,26.89,9662,0.89,4585,56.27,1527,73.42,927,21.98,12233,11.19,19808,42.6,4738,23.64,11351,1.05,31008,0.27,9651,0.54,750
"E01006521","Liverpool 052A",36.34,1,2,5814,"B","North West",36.34,5760,0.22,7128,0.19,3490,1.16,3026,27.38,9455,23.59,12771,0.14,14189,34.76,6683,44.55,4319,15.19,16576,12.83,18410,34.35,6965,48.35,3597,6.41,24474,0.28,9040,0.28,7830
"E01006522","Liverpool 048A",50.5,1,1,2090,"B","North West",50.5,2095,0.27,4835,0.24,1310,2.08,262,16.73,15730,21.81,14581,0.85,4924,55.83,1573,74.42,870,18.65,14199,4.05,27165,39.56,5469,31.51,7937,1.94,29821,0.44,3670,0.51,1137
"E01006523","Liverpool 052B",40.72,1,2,4373,"B","North West",40.72,4352,0.23,6602,0.19,3600,1.66,977,17.01,15532,30.25,6985,0.37,10875,44.03,3907,48.38,3591,35.33,6658,23.65,11346,36.85,6206,29.57,8673,4.45,26695,0.37,5584,0.37,4006
"E01006524","Liverpool 048B",11.89,4,7,21861,"B","North West",11.89,21646,0.05,26592,0.03,29791,0.85,5416,5.31,26730,27.22,9399,-0.55,24110,14.93,17910,22,12222,0.8,31361,22.09,12171,32.35,7636,8.88,21942,1.74,30091,0.09,22652,0.21,12859
"E01006525","Liverpool 049A",11.77,4,7,22023,"B","North West",11.77,21808,0.05,26252,0.07,19318,0.63,7633,4.13,28106,20.45,15999,-0.3,20776,10.63,22210,13.88,17572,4.12,27087,24.49,10922,16.4,15702,1.49,30414,6.76,24103,0.07,24884,0.09,26327
"E01006526","Liverpool 048C",21.48,2,4,13029,"B","North West",21.48,12896,0.13,14121,0.11,10383,0.75,6393,11.32,20315,20.03,16464,0.02,15968,24.63,11053,34.36,6963,5.18,25842,18.68,14180,21.38,12563,13.36,17981,9.27,21568,0.16,15650,0.23,10982
"E01006527","Liverpool 053A",19.8,3,5,14267,"B","North West",19.8,14130,0.15,11906,0.11,11614,0.83,5672,8.19,23414,16.49,20579,-0.54,23983,19.02,14572,23.61,11362,9.82,21048,13.24,18078,19.74,13523,5.48,25512,10.91,20053,0.17,14594,0.28,8024
"E01006528","Liverpool 052C",26.35,2,4,10063,"B","North West",26.35,9960,0.14,13295,0.1,11897,1.1,3463,8.49,23096,27.13,9474,0.2,13439,46.41,3323,58.71,2138,21.82,12318,25.93,10235,28.33,9178,10.77,20175,6.21,24701,0.15,16686,0.31,6481
"E01006529","Liverpool 048D",17.52,3,5,16176,"B","North West",17.52,16002,0.1,17608,0.09,15472,0.84,5575,7.69,23998,9.11,28552,-0.2,19293,32.64,7444,41.91,4896,14.11,17393,2.99,28469,15.23,16550,10.36,20548,5.01,26043,0.12,18709,0.18,14900
"E01006530","Liverpool 055A",12,4,7,21742,"B","North West",12,21530,0.07,22245,0.09,15469,0.36,10830,6.97,24843,14.5,22881,-0.49,23304,9.84,23096,10.83,20125,7.85,22966,10.48,20436,18.52,14286,5.62,25354,8.32,22493,0.1,21415,0.12,21487
"E01006531","Liverpool 055B",15.04,3,6,18401,"B","North West",15.04,18209,0.09,18867,0.09,13659,0.56,8491,7.07,24723,17.22,19669,-0.31,20834,12.61,20122,14.28,17261,9.28,21561,13.71,17704,20.73,12937,3.12,28306,11.02,19955,0.03,30844,0.17,15781
"E01006532","Liverpool 047A",12.81,4,7,20795,"B","North West",12.81,20597,0.07,23145,0.08,16773,0.37,10812,1.68,31006,26.67,9865,-0.4,22204,12.17,20557,6.44,24449,23.64,11348,38.98,5619,14.35,17206,0.18,32231,3.17,28242,0.05,27120,0.11,22695
"E01006533","Liverpool 055C",26.85,2,3,9802,"B","North West",26.85,9703,0.15,12192,0.14,7402,0.99,4185,6.98,24825,20.61,15832,0.64,7350,31.45,7933,30.77,8209,32.79,7486,19.47,13690,21.75,12355,3.54,27790,10.43,20486,0.11,19982,0.25,9850
"E01006534","Liverpool 054A",30.94,2,3,7857,"B","North West",30.94,7781,0.21,7781,0.14,6958,0.9,4991,21.15,12668,20.53,15904,-0.15,18454,48.07,2957,61.9,1806,20.42,13121,11.65,19409,29.42,8732,20.7,12954,21.6,12443,0.28,9209,0.29,7524
"E01006535","Liverpool 054B",40.31,1,2,4502,"B","North West",40.31,4477,0.22,7473,0.19,3444,1.35,2010,25.66,10249,20.57,15865,0.4,10447,58.66,1233,74.61,859,26.75,9858,13.17,18133,27.97,9330,16.52,15624,34.81,6820,0.19,13703,0.36,4560
"E01006536","Liverpool 054C",44.21,1,2,3405,"B","North West",44.21,3401,0.28,4566,0.2,2588,1.3,2248,32.51,7441,20.9,15540,-0.13,18244,63.38,779,87.32,314,15.49,16354,16.35,15742,25.45,10458,27.07,9720,37.95,5895,0.35,6180,0.37,4264
"E01006537","Liverpool 055D",24.79,2,4,10907,"B","North West",24.79,10793,0.15,12195,0.12,9682,0.53,8810,19.92,13443,14.98,22350,0.72,6382,31.51,7911,35.45,6621,23.62,11357,5.22,25799,24.74,10798,13.41,17942,26.44,10001,0.22,11909,0.19,13996
"E01006538","Liverpool 055E",22.67,2,4,12233,"B","North West",22.67,12104,0.13,14252,0.12,9019,0.46,9628,20.01,13383,13.87,23600,0.29,12069,31.2,8010,32.64,7538,28.31,9184,2.44,29171,25.3,10527,18.54,14272,21.48,12510,0.17,14685,0.19,14796
"E01006539","Liverpool 047B",16.19,3,6,17373,"B","North West",16.19,17187,0.06,24306,0.09,13674,0.73,6601,2.02,30593,23.75,12631,0.17,13775,17.99,15332,15.56,16306,22.87,11752,27.85,9380,19.65,13580,0.22,32169,3.82,27446,0.04,29734,0.11,22580
"E01006540","Liverpool 024A",76.86,1,1,54,"B","North West",76.86,55,0.5,207,0.37,97,2.28,141,62.72,1502,24.58,11825,0.89,4584,65.61,617,85.76,366,25.31,10523,11.47,19559,37.69,5968,59.75,2025,65.69,1467,0.62,644,0.51,1042
"E01006541","Liverpool 015A",43.32,1,2,3635,"B","North West",43.32,3626,0.25,5921,0.19,3224,1.19,2881,36.57,6191,20.42,16026,0.93,4191,53.29,1949,71.7,1032,16.46,15665,8.4,22410,32.43,7609,31.89,7801,41.26,5048,0.3,8160,0.38,3748
"E01006542","Liverpool 018A",70.55,1,1,211,"B","North West",70.55,219,0.38,1626,0.34,194,2.21,178,39.78,5361,17.12,19778,2.16,95,69.06,401,82.11,502,42.98,4654,4.31,26858,29.94,8530,35.96,6466,43.6,4519,0.43,3682,0.35,4877
"E01006543","Liverpool 015B",23.56,2,4,11675,"B","North West",23.56,11552,0.13,14267,0.11,10550,0.8,5935,22.06,12154,14.44,22957,0.19,13549,32.52,7494,40.3,5282,16.95,15321,3.44,27913,25.44,10461,11.09,19892,33.03,7401,0.18,14535,0.21,12379
"E01006544","Liverpool 015C",60.81,1,1,750,"B","North West",60.81,757,0.42,900,0.26,859,1.52,1371,50.59,3092,14.16,23265,0.62,7520,67.57,481,91.89,181,18.93,14028,1.19,30821,27.13,9690,40,5357,61.18,1877,0.64,466,0.39,3530
"E01006545","Liverpool 019A",37.37,1,2,5432,"B","North West",37.37,5389,0.25,5914,0.16,5275,0.9,4949,26.95,9647,12.4,25240,0.44,9893,66.09,585,87.67,303,22.93,11719,0.65,31572,24.16,11085,19.25,13823,34.64,6873,0.43,3923,0.28,7983
"E01006546","Liverpool 019B",53.28,1,1,1645,"B","North West",53.28,1652,0.3,3622,0.2,2657,1.42,1707,39.88,5343,15.33,21959,1.57,787,73.91,227,85.38,379,50.96,3165,0.11,32333,30.56,8291,39.27,5542,40.48,5236,0.45,3416,0.33,5583
"E01006547","Liverpool 019C",67.04,1,1,352,"B","North West",67.04,361,0.38,1512,0.27,733,1.93,451,43.41,4463,17.83,18950,1.76,430,78.87,81,93.58,138,49.44,3410,0.9,31222,34.76,6836,42.85,4683,43.97,4439,0.54,1423,0.36,4472
"E01006548","Liverpool 019D",60.91,1,1,736,"B","North West",60.91,746,0.38,1450,0.25,1186,2,346,38.04,5795,17.88,18892,1.05,3230,68.27,436,91.29,197,22.22,12099,3.48,27858,32.27,7665,42.91,4670,33.17,7355,0.52,1775,0.39,3353
"E01006549","Liverpool 043B",48.37,1,1,2497,"B","North West",48.37,2502,0.23,6738,0.23,1719,1.98,380,12.47,19288,32.62,5489,0.79,5631,55.48,1620,76.71,747,13.02,18259,20.12,13295,45.11,4205,21.78,12340,3.15,28270,0.34,6755,0.28,7942
"E01006550","Liverpool 038A",18.49,3,5,15349,"B","North West",18.49,15190,0.09,18615,0.05,23700,0.97,4429,7.92,23713,16.47,20614,-0.41,22347,51.66,2213,67.73,1307,19.53,13651,0,32477,32.94,7432,11.4,19619,4.45,26698,0.23,11334,0.33,5516
"E01006551","Liverpool 048E",39.76,1,2,4661,"B","North West",39.76,4635,0.29,3921,0.17,4448,1.7,889,20.16,13282,25.55,10898,-0.08,17489,33.04,7305,29.91,8540,39.3,5535,13.8,17632,37.29,6079,33.62,7205,6.71,24157,0.36,5826,0.53,878
"E01006552","Liverpool 039A",63.16,1,1,574,"B","North West",63.16,584,0.43,704,0.25,1055,2,344,40.04,5302,26.66,9868,0.62,7493,63.16,807,83.12,462,23.22,11565,15.85,16093,37.47,6029,69.11,1206,10.97,20002,0.64,460,0.67,240
"E01006553","Liverpool 042A",21.75,2,4,12828,"B","North West",21.75,12695,0.11,16893,0.08,16475,0.85,5480,14.5,17533,15.73,21507,-0.01,16562,52.23,2107,67.66,1312,21.38,12565,0.4,31915,31.05,8105,26.43,10004,2.56,29016,0.27,9574,0.31,6416
"E01006554","Liverpool 048F",28.65,2,3,8923,"B","North West",28.65,8823,0.13,13847,0.13,8632,1.26,2463,2.36,30218,20.9,15536,0.46,9558,54.35,1787,59.03,2103,45,4226,2.63,28922,39.17,5568,2.44,29174,2.28,29383,0.09,22585,0.39,3437
"E01006556","Liverpool 039B",67,1,1,355,"B","North West",67,364,0.46,464,0.27,751,2.29,135,39.45,5449,20.24,16240,0.96,3979,65.09,657,64.66,1554,65.95,1446,3.06,28382,37.41,6045,55.29,2549,23.61,11366,0.65,386,0.64,316
"E01006557","Liverpool 038B",28.66,2,3,8917,"B","North West",28.66,8817,0.14,13461,0.07,19087,1.04,3861,24.42,10824,16.23,20913,0.87,4783,62.6,850,75.05,835,37.7,5963,0.09,32355,32.37,7630,33.74,7164,15.1,16643,0.39,5032,0.38,3820
"E01006558","Liverpool 018B",76.16,1,1,64,"B","North West",76.16,66,0.44,609,0.34,193,2.04,314,62.76,1498,22.02,14349,1.7,544,68.53,425,84.73,402,36.12,6418,8.56,22257,35.47,6614,63.97,1614,61.54,1841,0.63,561,0.42,2732
"E01006560","Liverpool 023A",81.48,1,1,13,"B","North West",81.48,12,0.62,15,0.5,6,2.65,34,82.25,269,24.73,11677,1.44,1155,30.36,8355,20.64,12990,49.8,3350,12.62,18584,36.83,6210,72.15,1004,92.35,169,0.79,52,0.67,243
"E01006562","Liverpool 018E",77.2,1,1,49,"B","North West",77.2,49,0.47,368,0.36,120,2.22,173,67.64,1053,18.76,17901,1.71,511,54.11,1823,60.09,1989,42.15,4841,3.81,27462,33.7,7177,72.12,1006,63.15,1688,0.53,1581,0.53,816
"E01006563","Liverpool 024B",77.62,1,1,41,"B","North West",77.62,42,0.59,29,0.42,36,2.64,39,64.49,1316,21.21,15207,1.53,883,27.24,9754,21.83,12312,38.06,5866,8.54,22280,33.88,7118,61.68,1828,67.3,1339,0.83,31,0.56,659
"E01006564","Liverpool 023B",56.56,1,1,1199,"B","North West",56.56,1205,0.35,2156,0.3,443,1.71,856,48.72,3397,23.29,13078,0.87,4762,21.61,12813,19.08,13928,26.66,9901,11.78,19296,34.79,6825,30.81,8194,66.62,1392,0.48,2660,0.39,3340
"E01006565","Liverpool 029A",45.98,1,1,2999,"B","North West",45.98,3002,0.26,5226,0.2,2873,1.64,1024,34.3,6853,15.56,21689,0.41,10321,65.25,646,81.93,509,31.87,7806,8.02,22793,23.11,11625,22.64,11873,45.97,4035,0.29,8560,0.36,4606
"E01006566","Liverpool 032A",26.03,2,4,10231,"B","North West",26.03,10128,0.17,10819,0.13,8479,0.77,6148,13.31,18561,18.39,18294,-0.24,19834,47.23,3148,49.78,3354,42.14,4842,7.48,23347,29.31,8777,6.11,24805,20.51,13064,0.16,15704,0.3,6823
"E01006567","Liverpool 026A",46.44,1,1,2880,"B","North West",46.44,2882,0.28,4418,0.24,1318,1.52,1385,23.12,11544,24.74,11661,0.4,10464,46.59,3288,65.08,1518,9.62,21237,16.59,15571,32.9,7448,16.73,15478,29.52,8694,0.32,7386,0.42,2554
"E01006568","Liverpool 026B",30.09,2,3,8238,"B","North West",30.09,8161,0.21,8129,0.14,7515,1.08,3573,18.31,14551,22.87,13486,0.22,13062,32.26,7606,46.48,3937,3.81,27460,12.78,18453,32.95,7429,18.58,14244,18.04,14592,0.23,11602,0.38,3794
"E01006569","Liverpool 029B",52.86,1,1,1706,"B","North West",52.86,1711,0.3,3617,0.24,1414,1.67,968,34.86,6682,20.87,15579,0.45,9765,74.5,208,93.75,134,36.01,6452,10.71,20231,31.03,8115,24.18,11076,45.53,4120,0.28,8854,0.46,1855
"E01006570","Liverpool 026C",18.1,3,5,15669,"B","North West",18.1,15501,0.09,19478,0.11,10498,0.49,9326,9.8,21798,17.87,18904,-0.13,18235,26.53,10085,33.66,7190,12.27,18880,9.3,21536,26.43,10004,4.26,26917,15.34,16467,0.11,20296,0.14,19425
"E01006571","Liverpool 026D",59.55,1,1,864,"B","North West",59.55,865,0.36,2061,0.24,1345,1.56,1257,50.28,3136,14.62,22740,1.13,2702,82.61,36,92.54,164,62.75,1725,4.02,27203,25.22,10567,38.47,5755,62.1,1787,0.42,4163,0.49,1326
"E01006572","Liverpool 025A",63.93,1,1,521,"B","North West",63.93,530,0.53,123,0.27,749,1.77,723,60.68,1722,15.45,21827,0.61,7636,29.49,8734,25.68,10350,37.1,6132,0.36,31976,30.53,8300,63.07,1696,58.3,2184,0.81,37,0.58,515
"E01006573","Liverpool 029C",47.93,1,1,2583,"B","North West",47.93,2589,0.34,2487,0.21,2269,1.23,2593,30.68,8095,14.23,23186,0.2,13467,72.81,267,78.72,649,60.99,1896,0.81,31349,27.66,9460,29.8,8584,31.56,7921,0.42,4229,0.47,1662
"E01006574","Liverpool 025B",50.86,1,1,2023,"B","North West",50.86,2025,0.35,2338,0.24,1348,1.63,1054,34.51,6787,17.06,19851,0.57,8229,46.65,3271,60.44,1952,19.07,13935,0.59,31648,33.53,7233,33.15,7363,35.88,6491,0.4,4633,0.48,1469
"E01006575","Liverpool 034A",36.43,1,2,5771,"B","North West",36.43,5721,0.21,7913,0.16,5068,1.27,2385,22.87,11694,18.36,18326,0.76,5926,45.98,3410,54.66,2632,28.63,9054,13.41,17947,23.32,11515,28.73,9012,17.02,15278,0.31,7782,0.25,9927
"E01006576","Liverpool 034B",22.05,2,4,12641,"B","North West",22.05,12510,0.12,15667,0.11,11031,0.68,7096,10.04,21529,22.8,13554,-0.04,16867,39.9,5035,46.92,3855,25.87,10263,25.55,10409,20.05,13340,7.3,23530,12.78,18452,0.12,18839,0.22,12312
"E01006577","Liverpool 034C",14.73,3,6,18698,"B","North West",14.73,18496,0.08,21417,0.08,16898,0.19,13223,4.42,27760,22.11,14261,0.57,8167,17.1,16054,15.06,16670,21.16,12687,23.31,11519,20.91,12834,3.02,28430,5.81,25132,0.06,26326,0.13,20027
"E01006578","Liverpool 036A",17.93,3,5,15825,"B","North West",17.93,15655,0.09,18950,0.09,13939,0.28,11960,14.46,17565,14.35,23060,0.13,14440,37.48,5778,52.2,2977,8.04,22771,6.08,24843,22.62,11881,15.82,16117,13.09,18198,0.09,22611,0.19,14340
"E01006579","Liverpool 034D",11.75,4,7,22055,"B","North West",11.75,21839,0.07,23638,0.08,15996,-0.01,16157,5.71,26281,13.11,24446,-0.16,18636,21.96,12572,13.18,18128,39.53,5476,11.57,19473,14.64,16988,2.86,28639,8.56,22254,0.05,28231,0.14,19865
"E01006580","Liverpool 036B",9.39,4,8,25092,"B","North West",9.39,24838,0.05,26930,0.07,20017,0.1,14533,3.55,28796,13.93,23535,0.38,10674,3.66,30311,2.09,29623,6.8,24058,10.48,20439,17.37,15038,1.58,30301,5.53,25449,0.04,28995,0.11,23417
"E01006581","Liverpool 036C",11.52,4,7,22333,"B","North West",11.52,22111,0.06,24786,0.07,20114,-0.01,16124,3.02,29409,12.43,25218,0.45,9741,24.22,11273,16.1,15916,40.46,5241,4.48,26664,20.38,13141,1.23,30775,4.82,26267,0.04,28785,0.14,19394
"E01006582","Liverpool 041A",8.49,4,8,26249,"B","North West",8.49,25986,0.04,29066,0.05,24161,0,15981,2.23,30352,11.44,26305,0.18,13694,20.06,13803,9.98,20898,40.22,5302,8.31,22501,14.57,17044,0.93,31177,3.52,27812,0,31988,0.1,24437
"E01006583","Liverpool 047C",4.31,5,10,31068,"B","North West",4.31,30749,0.02,32077,0.03,29759,-0.3,20242,1.68,31001,16.36,20761,-0.2,19265,3.97,30020,3.12,28304,5.65,25311,16.22,15833,16.51,15631,0.42,31887,2.93,28541,0,31754,0.05,31190
"E01006584","Liverpool 034E",24.59,2,4,11031,"B","North West",24.59,10914,0.11,17007,0.13,8490,0.7,6956,12.97,18830,28.67,8210,0.54,8595,28.16,9311,32.24,7676,20,13371,31.71,7865,25.62,10377,11.47,19560,14.46,17122,0.11,20198,0.17,16298
"E01006585","Liverpool 032B",57.25,1,1,1134,"B","North West",57.25,1139,0.36,2001,0.3,413,1.59,1186,45.75,3981,22.65,13713,-0.04,16888,55.61,1602,75.96,786,14.91,16782,11.99,19118,33.31,7307,27.92,9351,63.59,1648,0.38,5302,0.51,1090
"E01006586","Liverpool 032C",41.58,1,2,4107,"B","North West",41.58,4092,0.25,6006,0.21,2361,1.36,1974,16.15,16174,26.76,9789,0.42,10093,50.02,2537,58.94,2113,32.2,7690,20.05,13338,33.46,7257,14.91,16788,17.4,15017,0.2,13253,0.42,2512
"E01006587","Liverpool 032D",26.63,2,4,9924,"B","North West",26.63,9822,0.17,10850,0.15,6502,0.86,5340,13.25,18603,26.13,10367,0.3,11935,16.65,16421,19.9,13429,10.16,20735,21.29,12614,30.96,8138,9.34,21500,17.17,15176,0.15,16111,0.32,5885
"E01006588","Liverpool 042C",24.31,2,4,11207,"B","North West",24.31,11087,0.14,13106,0.13,8781,0.86,5387,7.29,24459,17.48,19360,0.2,13478,40.73,4800,48.46,3578,25.28,10537,3.17,28240,31.79,7837,8.13,22686,6.44,24444,0.13,18212,0.31,6682
"E01006589","Liverpool 041B",14.7,3,6,18727,"B","North West",14.7,18525,0.09,18511,0.09,13673,0.25,12441,8.45,23139,9.21,28458,-0.16,18568,22.58,12206,18.79,14114,30.16,8441,1.54,30350,16.89,15366,7.34,23488,9.56,21288,0.11,20341,0.16,17556
"E01006590","Liverpool 042D",21.71,2,4,12863,"B","North West",21.71,12732,0.13,13882,0.1,12748,0.8,5874,8.22,23395,14.44,22963,-0.02,16650,44.4,3805,53.95,2727,25.29,10532,3.46,27891,25.42,10473,10.98,19995,5.45,25535,0.21,12254,0.29,7307
"E01006591","Liverpool 041C",15.84,3,6,17674,"B","North West",15.84,17487,0.1,17361,0.09,14805,0.53,8765,2.44,30120,13.73,23744,-0.37,21722,31.83,7774,39.37,5518,16.77,15447,1.27,30709,26.19,10113,2.54,29037,2.34,29306,0.15,16546,0.19,14544
"E01006592","Liverpool 041D",9.61,4,8,24785,"B","North West",9.61,24536,0.07,22452,0.05,23631,0.05,15311,0.9,31836,14.69,22670,0.01,16131,17.55,15664,14.31,17238,24.04,11148,14.43,17150,14.95,16751,0.21,32178,1.58,30301,0.1,20632,0.12,21386
"E01006593","Liverpool 042E",18.99,3,5,14903,"B","North West",18.99,14759,0.1,17768,0.07,18431,0.57,8378,12.27,19475,15.89,21311,0.01,16213,49.34,2690,64.24,1590,19.52,13657,0.61,31615,31.16,8067,21.9,12276,2.64,28912,0.2,13327,0.21,12422
"E01006594","Liverpool 047D",9.62,4,8,24782,"B","North West",9.62,24533,0.05,28009,0.07,18563,0.27,12213,1.41,31294,21.9,14472,-0.68,25726,10.05,22839,8.66,22155,12.82,18419,25.76,10313,18.05,14590,0.44,31863,2.39,29237,0.03,30515,0.11,23746
"E01006595","Liverpool 049B",15.55,3,6,17937,"B","North West",15.55,17748,0.12,15467,0.1,12992,0.18,13360,6.48,25411,11.74,26001,-1.16,29821,32.42,7542,41.39,5017,14.48,17112,2.79,28728,20.69,12963,6.91,23942,6.05,24867,0.16,15605,0.21,12715
"E01006596","Liverpool 049C",15.6,3,6,17893,"B","North West",15.6,17704,0.08,20331,0.1,11924,0.44,9866,4.64,27496,14.21,23216,-0.25,20065,25.13,10806,23.22,11568,28.96,8916,4.78,26311,23.63,11352,1.64,30220,7.63,23189,0.06,25788,0.14,18837
"E01006597","Liverpool 041E",9.96,4,8,24312,"B","North West",9.96,24073,0.06,23878,0.06,22229,0.15,13856,0.97,31765,15.43,21852,-0.19,19082,20.62,13431,13.49,17880,34.87,6800,19.71,13544,11.15,19843,0.56,31694,1.38,30569,0.05,27672,0.14,19866
"E01006598","Liverpool 010A",71.66,1,1,172,"B","North West",71.66,180,0.54,96,0.29,516,1.99,367,49.49,3263,19.91,16582,0.88,4681,70.58,342,97.35,53,17.05,15254,6.47,24412,33.35,7296,45.38,4150,53.61,2775,0.66,380,0.67,238
"E01006599","Liverpool 010B",74.69,1,1,85,"B","North West",74.69,89,0.54,101,0.29,533,1.74,802,76.45,495,19.46,17074,0.87,4822,73.74,231,99.95,2,21.33,12593,8.3,22514,30.62,8266,83.12,462,69.78,1159,0.72,147,0.52,979
"E01006600","Liverpool 011A",59.08,1,1,905,"B","North West",59.08,904,0.35,2365,0.25,1165,1.73,815,62.2,1565,16.77,20229,0.31,11699,75.68,166,91.77,184,43.49,4542,5.11,25931,28.43,9135,55.41,2533,68.98,1215,0.44,3623,0.46,1847
"E01006603","Liverpool 011B",53.64,1,1,1590,"B","North West",53.64,1600,0.33,2902,0.24,1383,1.67,961,44.2,4295,17.84,18935,0.8,5562,56.87,1459,69.21,1199,32.19,7693,6.99,23856,28.69,9030,43.21,4604,45.19,4188,0.34,6721,0.46,1734
"E01006604","Liverpool 016A",49.37,1,1,2302,"B","North West",49.37,2306,0.29,4112,0.21,2436,1.44,1659,37.79,5853,18.5,18189,0.61,7656,75.32,182,93.91,130,38.15,5840,7.48,23352,29.52,8693,32.49,7590,43.1,4627,0.37,5542,0.41,2903
"E01006605","Liverpool 016B",58.46,1,1,985,"B","North West",58.46,984,0.37,1832,0.27,766,1.68,941,48.01,3539,20.33,16126,0.48,9350,62.15,886,77.49,708,31.46,7957,10.78,20173,29.88,8550,44.83,4261,51.19,3130,0.45,3360,0.48,1504
"E01006606","Liverpool 020A",49.88,1,1,2194,"B","North West",49.88,2199,0.29,3949,0.22,2026,1.24,2534,40.61,5161,24.53,11864,0.97,3853,59.62,1123,83.73,439,11.39,19628,18.24,14462,30.82,8191,30.29,8394,50.93,3170,0.39,4946,0.39,3469
"E01006607","Liverpool 008A",55.33,1,1,1359,"B","North West",55.33,1364,0.36,1929,0.23,1799,1.55,1289,52.58,2774,16.72,20298,0.52,8853,67.18,509,89.37,251,22.8,11789,3.46,27883,29.97,8515,40.33,5273,64.82,1540,0.54,1498,0.41,2871
"E01006608","Liverpool 009A",40.59,1,2,4422,"B","North West",40.59,4399,0.2,8215,0.16,5449,1.28,2357,25.68,10244,23.33,13029,0.8,5527,70.22,354,84.82,399,41.03,5102,16.21,15841,30.45,8331,16.9,15357,34.45,6933,0.27,9398,0.31,6564
"E01006609","Liverpool 009B",46.79,1,1,2803,"B","North West",46.79,2806,0.26,5238,0.2,2694,1.42,1712,35.42,6521,18.45,18240,0.67,6943,67.92,454,81.45,529,40.87,5141,11.18,19818,25.72,10333,26.01,10195,44.83,4261,0.37,5676,0.24,10229
"E01006610","Liverpool 009C",58.41,1,1,992,"B","North West",58.41,992,0.37,1869,0.25,1115,1.43,1698,41.62,4893,17.07,19840,1.16,2479,73.76,229,91.18,200,38.91,5636,1.41,30526,32.73,7504,32.35,7638,50.89,3176,0.47,2865,0.5,1199
"E01006611","Liverpool 012A",68.66,1,1,281,"B","North West",68.66,291,0.42,902,0.31,306,1.97,393,46.71,3803,16.37,20749,0.96,3983,85.86,11,99.41,12,58.76,2133,0.91,31204,31.84,7820,52.83,2884,40.58,5212,0.53,1659,0.4,3244
"E01006612","Liverpool 008B",66.78,1,1,369,"B","North West",66.78,380,0.44,679,0.3,431,1.95,412,52.04,2858,20.82,15630,1.04,3286,52.77,2025,73.77,907,10.78,20170,12.09,19026,29.54,8686,40.98,5114,63.09,1694,0.56,1262,0.54,745
"E01006613","Liverpool 009D",63.13,1,1,580,"B","North West",63.13,590,0.35,2335,0.26,1052,1.78,692,44.64,4213,23.42,12946,1.89,279,66.42,562,72.54,980,54.18,2696,18.55,14263,28.29,9196,22.4,12002,66.88,1372,0.4,4658,0.49,1279
"E01006614","Liverpool 012B",54.91,1,1,1415,"B","North West",54.91,1423,0.31,3416,0.26,1049,1.72,827,37.59,5904,14.45,22948,0.8,5470,70.54,343,95.63,90,20.35,13160,2.88,28612,26.02,10191,21.02,12768,54.16,2699,0.42,4086,0.33,5531
"E01006615","Liverpool 012C",57.81,1,1,1067,"B","North West",57.81,1070,0.38,1540,0.25,1190,1.56,1249,52.64,2762,16.94,19994,0.5,9087,66.1,584,85.87,362,26.56,9946,2.51,29086,31.38,7986,44.25,4380,61.02,1893,0.57,1032,0.38,3928
"E01006616","Liverpool 015D",45.56,1,1,3095,"B","North West",45.56,3099,0.26,5342,0.23,1680,1.45,1607,36.16,6296,22.49,13868,0.59,7926,41.48,4597,52.29,2963,19.86,13454,14.47,17119,30.51,8308,23.08,11640,49.25,3442,0.3,8374,0.38,3943
"E01006617","Liverpool 021A",27.65,2,3,9396,"B","North West",27.65,9297,0.15,11996,0.11,10282,0.67,7208,15.09,17028,15.28,22025,1.4,1280,33.47,7146,36.52,6302,27.37,9585,6.99,23859,23.57,11385,16.91,15353,13.28,18051,0.14,17292,0.27,8386
"E01006618","Liverpool 016C",46.41,1,1,2890,"B","North West",46.41,2892,0.27,4998,0.21,2522,1.1,3451,34.47,6804,23.25,13121,1.25,1932,53.86,1858,71.88,1021,17.83,14730,18.59,14241,27.91,9356,27.95,9339,40.99,5112,0.31,7770,0.38,3933
"E01006619","Liverpool 021B",26.42,2,4,10031,"B","North West",26.42,9929,0.13,13951,0.13,7815,0.55,8544,13.36,18519,13.22,24323,0.93,4254,44.77,3710,53.86,2740,26.6,9927,1.99,29757,24.45,10940,9.43,21414,17.3,15089,0.13,17727,0.18,15240
"E01006620","Liverpool 021C",23.69,2,4,11599,"B","North West",23.69,11474,0.15,12030,0.14,6979,0.71,6816,9.86,21718,14.47,22925,0.57,8240,16.54,16521,17.47,14969,14.66,16973,5.58,25396,23.35,11497,6.43,24459,13.3,18035,0.11,19802,0.24,10272
"E01006621","Liverpool 021D",19.51,3,5,14494,"B","North West",19.51,14355,0.09,19844,0.09,15489,0.47,9543,8.58,23018,21.96,14418,0.99,3687,25.46,10638,23.15,11605,30.1,8467,23.76,11288,20.16,13273,1.5,30409,15.66,16234,0.07,24701,0.19,14588
"E01006622","Liverpool 021E",13.19,4,7,20362,"B","North West",13.19,20160,0.06,24382,0.08,16794,0.29,11890,8.89,22700,14.45,22952,0.26,12539,17.33,15851,17.46,14976,17.06,15248,11.23,19771,17.66,14842,1.18,30844,16.6,15567,0.05,27488,0.11,22625
"E01006623","Liverpool 013A",16.09,3,6,17463,"B","North West",16.09,17277,0.06,24159,0.09,15232,0.57,8369,13.9,18035,31.19,6361,-0.18,18977,5.96,27711,0.88,31241,16.12,15905,37.69,5967,24.68,10828,5.06,25982,22.74,11817,0.05,27633,0.13,21062
"E01006624","Liverpool 013B",43.44,1,2,3605,"B","North West",43.44,3595,0.25,5755,0.21,2320,1.19,2833,27.07,9589,28.74,8149,0.55,8401,51.41,2260,74.85,846,4.52,26606,24.54,10896,32.94,7435,22.08,12174,32.07,7738,0.28,9052,0.4,3118
"E01006625","Liverpool 016D",20.16,3,5,14024,"B","North West",20.16,13885,0.12,14698,0.12,10093,0.68,7134,12.77,19009,13.31,24217,-0.04,16990,22.58,12210,22.91,11730,21.91,12268,1.31,30655,25.3,10531,7.71,23107,17.83,14734,0.13,17783,0.21,12413
"E01006626","Liverpool 016E",27.61,2,3,9419,"B","North West",27.61,9320,0.14,13359,0.13,8890,0.85,5452,15.67,16542,16.46,20641,1.16,2453,32.08,7677,36.53,6299,23.18,11589,8.78,22038,24.13,11101,8.6,22216,22.74,11820,0.16,15692,0.24,10321
"E01006627","Liverpool 013C",32.32,2,3,7271,"B","North West",32.32,7207,0.15,12587,0.12,9538,1,4148,17.23,15348,23.55,12819,1.32,1638,49.39,2672,57.75,2247,32.66,7529,20.75,12923,26.34,10046,15.95,16025,18.51,14292,0.12,18851,0.31,6483
"E01006628","Liverpool 052D",24.91,2,4,10840,"B","North West",24.91,10724,0.15,11882,0.12,9628,0.82,5746,7.19,24570,25.64,10799,0.33,11430,33.51,7128,38.96,5623,22.61,11890,27.54,9512,23.74,11296,7.92,22897,6.47,24418,0.2,13160,0.33,5478
"E01006629","Liverpool 052E",28.55,2,3,8973,"B","North West",28.55,8876,0.18,10127,0.15,6653,0.99,4169,17.3,15296,25.52,10926,0.12,14445,25.4,10671,28.12,9267,19.96,13392,20.13,13292,30.9,8161,16.5,15632,18.09,14563,0.24,10748,0.32,6219
"E01006630","Liverpool 044B",72.3,1,1,153,"B","North West",72.3,160,0.52,133,0.35,153,2.24,165,78.05,419,19.54,16986,0.52,8868,25.56,10574,25.07,10639,26.54,9953,1.87,29910,37.21,6101,74.76,851,81.35,533,0.7,198,0.64,318
"E01006632","Liverpool 044C",64.29,1,1,499,"B","North West",64.29,510,0.42,864,0.33,234,2.26,149,52.75,2752,16.87,20090,0.43,9947,40.99,4717,47.54,3740,27.89,9361,0.72,31473,33.02,7406,43.87,4461,61.64,1832,0.57,1103,0.43,2334
"E01006633","Liverpool 050B",71.77,1,1,166,"B","North West",71.77,174,0.54,93,0.38,75,2.24,163,67.49,1066,18.63,18057,0.47,9497,29.18,8855,29.59,8664,28.36,9166,1.03,31039,36.23,6387,56.17,2437,78.81,645,0.64,482,0.64,306
"E01006637","Liverpool 017A",58.37,1,1,1001,"B","North West",58.37,1001,0.45,579,0.25,1178,1.42,1726,59.94,1809,19.01,17589,0.92,4325,26.28,10210,26.64,9909,25.56,10404,4.21,26976,33.81,7143,56.87,2352,63.02,1700,0.6,808,0.59,498
"E01006638","Liverpool 017B",66.38,1,1,383,"B","North West",66.38,395,0.45,510,0.27,783,2.13,219,71.91,762,19.28,17282,0.62,7527,40.87,4757,40.05,5343,42.49,4763,2.55,29027,36.01,6451,77.59,703,66.24,1423,0.6,745,0.54,774
"E01006639","Liverpool 017C",29.48,2,3,8511,"B","North West",29.48,8422,0.22,7099,0.14,7621,0.59,8150,27.46,9419,24.56,11837,0.44,9934,22.58,12203,29.15,8839,9.44,21402,20.93,12819,28.18,9238,29.58,8671,25.34,10511,0.39,5047,0.25,9893
"E01006640","Liverpool 021F",25,2,4,10785,"B","North West",25,10668,0.17,10548,0.15,6638,0.58,8231,18.21,14615,19.15,17424,0.28,12128,16.44,16608,14.75,16906,19.83,13471,15.17,16594,23.14,11608,15.86,16087,20.56,13038,0.21,12698,0.22,12048
"E01006641","Liverpool 025C",18.36,3,5,15452,"B","North West",18.36,15287,0.1,17473,0.06,21266,1.23,2641,19.17,13945,22.81,13541,-0.35,21412,6.63,26912,4.24,26946,11.43,19599,22.83,11769,22.79,11791,24.69,10822,13.65,17753,0.12,18562,0.37,4188
"E01006642","Liverpool 025D",62.6,1,1,615,"B","North West",62.6,624,0.43,774,0.3,426,1.74,786,66.71,1132,21.51,14873,0.54,8610,26.23,10232,25.53,10420,27.63,9475,7.71,23109,35.3,6666,64.24,1590,69.17,1202,0.51,2038,0.43,2289
"E01006643","Liverpool 025E",59.02,1,1,916,"B","North West",59.02,915,0.42,869,0.24,1372,1.86,559,51.6,2932,17.81,18964,0.7,6562,47.57,3071,58.38,2175,25.94,10227,4.62,26489,31,8124,51.13,3138,52.08,2995,0.59,910,0.5,1201
"E01006644","Liverpool 017D",57.11,1,1,1145,"B","North West",57.11,1150,0.35,2132,0.26,920,1.89,513,59.8,1826,19.14,17436,0.99,3728,24.43,11158,28.18,9240,16.94,15332,1.92,29848,36.37,6345,51.75,3044,67.85,1298,0.35,6441,0.5,1179
"E01006645","Liverpool 017E",69.57,1,1,249,"B","North West",69.57,258,0.48,311,0.32,260,2.1,243,76.75,481,17.44,19414,1.04,3323,11.32,21448,8.21,22604,17.54,14927,3.9,27351,30.98,8133,72.74,968,80.76,558,0.56,1147,0.58,521
"E01006646","Liverpool 023C",77.41,1,1,44,"B","North West",77.41,45,0.54,84,0.38,74,2.9,10,64.79,1289,26.24,10270,1.59,744,22.08,12496,7.32,23511,51.58,3069,14.6,17021,37.89,5913,69.94,1148,59.65,2036,0.73,125,0.65,294
"E01006647","Liverpool 024C",78.05,1,1,37,"B","North West",78.05,39,0.56,58,0.38,78,2.4,82,84.79,206,22.86,13493,1.25,1939,20.63,13421,3.06,28382,55.77,2487,10.15,20739,35.57,6584,80.71,560,88.87,266,0.73,135,0.56,605
"E01006648","Liverpool 023D",68.96,1,1,270,"B","North West",68.96,279,0.46,439,0.33,249,2.28,137,64.55,1308,26.06,10433,1.01,3506,15.37,17509,2.99,28472,40.14,5321,19.14,13895,32.98,7420,45.93,4043,83.17,460,0.62,604,0.66,265
"E01006651","Liverpool 001A",12.15,4,7,21580,"B","North West",12.15,21366,0.06,24652,0.07,19997,0.52,8941,13.89,18055,21.9,14475,-0.59,24650,5.59,28150,3.83,27437,9.12,21707,21.07,12740,22.73,11826,12.2,18933,15.57,16300,0.07,25234,0.19,14709
"E01006652","Liverpool 002A",32.06,2,3,7385,"B","North West",32.06,7321,0.14,13204,0.13,7811,0.92,4767,27.52,9382,18.51,18179,0.69,6673,58.31,1281,80.43,572,14.08,17417,12.17,18964,24.85,10744,21.29,12613,33.75,7161,0.18,14469,0.22,11780
"E01006653","Liverpool 001B",47.21,1,1,2725,"B","North West",47.21,2730,0.31,3536,0.22,2125,1.67,964,42.34,4703,21.32,15072,0.44,9851,35.12,6553,45.43,4140,14.49,17103,15.62,16261,27.02,9742,40.05,5345,44.64,4300,0.35,6457,0.47,1543
"E01006654","Liverpool 005A",29.49,2,3,8506,"B","North West",29.49,8417,0.16,11355,0.12,10164,0.99,4251,24.02,11052,29.85,7282,0.3,11823,39.19,5259,54.07,2711,9.42,21427,24.25,11039,35.44,6624,17.52,14940,30.51,8308,0.15,16308,0.37,4109
"E01006655","Liverpool 001C",37.58,1,2,5366,"B","North West",37.58,5323,0.24,6399,0.17,4980,1.35,2016,28.62,8919,17.42,19446,-0.43,22520,57.79,1342,82.51,486,8.35,22469,5.48,25510,29.36,8758,28.58,9075,28.67,9035,0.29,8565,0.39,3579
"E01006656","Liverpool 002B",38.35,1,2,5103,"B","North West",38.35,5062,0.19,8960,0.16,5036,0.92,4809,24.86,10613,16.82,20161,1.06,3164,67.81,465,77.86,690,47.73,3707,7.97,22844,25.66,10359,20.03,13350,29.68,8628,0.29,8477,0.26,9063
"E01006657","Liverpool 002C",41.22,1,2,4214,"B","North West",41.22,4200,0.23,6993,0.16,5128,1.14,3184,30.59,8120,15.21,22108,1.14,2620,65.32,636,83.94,431,28.07,9287,1.69,30153,28.73,9012,24.26,11037,36.92,6185,0.23,11235,0.35,4679
"E01006658","Liverpool 001D",56.93,1,1,1159,"B","North West",56.93,1164,0.36,1943,0.28,706,1.61,1122,64.18,1351,25.45,10982,0.36,11020,29.96,8520,29.41,8738,31.05,8106,15.65,16239,35.25,6681,59.11,2094,69.25,1196,0.46,3093,0.44,2087
"E01006659","Liverpool 005B",48.41,1,1,2491,"B","North West",48.41,2496,0.3,3904,0.22,1900,1.56,1277,45.92,3942,23.19,13175,0.46,9600,43.72,3987,56.58,2387,18,14623,16.38,15721,30,8504,42.54,4751,49.3,3433,0.41,4475,0.48,1502
"E01006660","Liverpool 001E",46.93,1,1,2785,"B","North West",46.93,2788,0.29,4184,0.21,2445,1.39,1815,37.38,5963,24.09,12270,0.72,6426,51.01,2337,59.67,2033,33.69,7180,16.73,15472,31.44,7962,28.21,9227,46.55,3924,0.39,5005,0.47,1637
"E01006661","Liverpool 004A",66.47,1,1,380,"B","North West",66.47,391,0.45,535,0.28,673,1.88,521,70.97,829,17.7,19102,0.04,15772,61.31,958,88.83,267,6.26,24644,0.65,31571,34.75,6840,58.46,2166,83.49,448,0.59,912,0.58,542
"E01006662","Liverpool 004B",68.05,1,1,302,"B","North West",68.05,311,0.39,1259,0.29,556,2.33,104,58.02,2050,23.67,12702,1.27,1859,55.49,1617,64.87,1536,36.74,6238,15.69,16209,31.66,7884,41.01,5108,75.03,836,0.38,5376,0.54,754
"E01006663","Liverpool 004C",48.04,1,1,2565,"B","North West",48.04,2570,0.32,3150,0.19,3183,1.56,1279,38.34,5717,30.05,7124,0.86,4870,38.24,5545,48.96,3491,16.79,15436,26.67,9898,33.43,7267,43.67,4504,33.01,7409,0.4,4639,0.55,729
"E01006664","Liverpool 004D",63.78,1,1,534,"B","North West",63.78,544,0.38,1457,0.28,660,1.72,831,63.01,1468,26.27,10242,0.74,6168,59.02,1186,70.79,1091,35.49,6610,17.78,14769,34.76,6834,68.16,1275,57.87,2234,0.55,1366,0.42,2525
"E01006665","Liverpool 007A",17.8,3,5,15957,"B","North West",17.8,15781,0.08,20039,0.09,14257,0.39,10493,9.27,22319,37.96,2996,-0.06,17233,6.8,26696,8.09,22728,4.23,26950,52.46,2939,23.47,11438,4.47,26668,14.07,17426,0.11,20019,0.24,10746
"E01006666","Liverpool 007B",14.49,3,6,18935,"B","North West",14.49,18732,0.08,20857,0.08,17143,0.17,13537,10.58,21009,35.02,4238,-0.42,22401,1.45,32084,0.88,31252,2.6,28966,48.74,3528,21.3,12610,5.62,25346,15.55,16315,0.09,22226,0.25,10149
"E01006667","Liverpool 007C",37.1,1,2,5532,"B","North West",37.1,5486,0.24,6227,0.17,4455,0.97,4391,27.91,9216,30.2,7014,0.59,7912,32.53,7487,44.43,4343,8.73,22087,30.94,8146,29.46,8715,26.76,9857,29.07,8873,0.27,9609,0.35,4996
"E01006668","Liverpool 007D",11.03,4,7,22916,"B","North West",11.03,22691,0.06,24223,0.07,20285,0.59,8059,9.29,22299,20.37,16080,-1.21,30121,3.58,30383,2.61,28952,5.53,25454,19,13984,21.74,12362,6.13,24783,12.44,18734,0.07,24143,0.19,14427
"E01006669","Liverpool 004E",18.14,3,5,15646,"B","North West",18.14,15477,0.11,16812,0.09,14578,0.47,9454,15.18,16957,27.47,9183,0.25,12679,6.72,26793,6.92,23938,6.34,24553,32.56,7564,22.39,12009,11.07,19915,19.3,13797,0.12,18957,0.23,11202
"E01006670","Liverpool 007E",18.71,3,5,15161,"B","North West",18.71,15003,0.11,16651,0.1,11983,0.8,5884,15.05,17048,17.21,19690,0.11,14715,7.23,26170,8.36,22458,4.98,26073,10.7,20241,23.71,11311,12.03,19083,18.08,14568,0.13,18270,0.23,10880
"E01006671","Liverpool 013D",28.88,2,3,8809,"B","North West",28.88,8713,0.22,7589,0.14,7150,0.96,4467,21.58,12423,29.8,7316,0.21,13244,3.74,30239,2.31,29341,6.61,24261,31.11,8083,28.49,9109,14.76,16897,28.4,9149,0.26,9791,0.41,2914
"E01006672","Liverpool 010E",58.1,1,1,1028,"B","North West",58.1,1029,0.4,1243,0.23,1707,1.32,2150,48.25,3495,25.97,10518,0.78,5686,70.46,345,93.62,137,24.14,11095,22.9,11734,29.04,8884,47.12,3817,49.38,3421,0.56,1140,0.44,2155
"E01006673","Liverpool 037D",70.88,1,1,194,"B","North West",70.88,202,0.5,213,0.32,267,2.24,162,50.46,3116,26.3,10209,1.29,1755,30.46,8306,22.19,12114,46.99,3841,11.7,19358,40.89,5136,79.66,606,21.25,12638,0.57,1029,0.73,156
"E01006674","Liverpool 039C",72.28,1,1,154,"B","North West",72.28,161,0.62,14,0.34,171,2.17,195,45.2,4094,26.47,10040,0.68,6861,49,2756,51.54,3076,43.93,4449,13.12,18179,39.82,5402,51.62,3063,38.78,5671,0.78,66,0.79,103
"E01006675","Liverpool 043C",65.52,1,1,425,"B","North West",65.52,436,0.43,712,0.37,101,2.78,19,14.47,17552,28.61,8263,0.79,5630,48.82,2794,51.22,3124,44.02,4429,15.08,16655,42.14,4843,24.75,10796,4.2,26994,0.58,1014,0.71,183
"E01006676","Liverpool 044D",74.33,1,1,92,"B","North West",74.33,98,0.56,57,0.31,329,2.35,100,57.96,2054,25.61,10845,0.72,6378,58.6,1243,77.9,688,20.01,13364,12.05,19062,39.16,5571,58.36,2177,57.56,2270,0.77,80,0.65,293
"E01006677","Liverpool 043D",75.51,1,1,70,"B","North West",75.51,72,0.56,48,0.37,90,2.36,97,61.47,1643,19.43,17102,0.57,8243,58.56,1249,61.1,1885,53.49,2791,3.97,27271,34.89,6796,82.28,495,40.66,5193,0.72,151,0.72,176
"E01006678","Liverpool 044E",68.94,1,1,271,"B","North West",68.94,280,0.49,254,0.39,59,2.16,200,46.74,3799,20.29,16180,0.83,5160,32.78,7392,29.01,8896,40.31,5280,2.37,29260,38.21,5825,48.43,3582,45.04,4218,0.64,503,0.54,767
"E01006679","Liverpool 039D",77.1,1,1,51,"B","North West",77.1,51,0.73,3,0.43,24,2.41,78,43.08,4542,26.82,9735,1.65,610,37.97,5617,23.28,11537,67.34,1336,10.59,20342,43.04,4640,52.72,2901,33.44,7265,0.86,19,0.91,36
"E01006680","Liverpool 053B",12.25,4,7,21452,"B","North West",12.25,21240,0.07,22381,0.1,13117,0.11,14414,6.54,25345,9.53,28164,-0.39,22072,16.5,16560,18.87,14060,11.76,19309,4.92,26151,14.14,17371,4.69,26409,8.39,22425,0.03,29953,0.14,18940
"E01006681","Liverpool 054D",30.76,2,3,7945,"B","North West",30.76,7867,0.19,9021,0.18,3870,0.94,4644,14.01,17959,18.3,18406,-0.18,18901,39.64,5119,52.62,2915,13.69,17725,6.85,24009,29.75,8603,10.92,20046,17.1,15222,0.24,10850,0.24,10762
"E01006682","Liverpool 053C",7.17,5,9,27890,"B","North West",7.17,27599,0.04,29315,0.07,19362,0.12,14258,2.98,29456,8.01,29477,-0.72,26136,8.12,25071,8.75,22071,6.85,24006,2.56,29020,13.45,17910,0.86,31270,5.1,25935,0.03,30816,0.1,24931
"E01006683","Liverpool 053D",14.46,3,6,18954,"B","North West",14.46,18751,0.08,20216,0.09,13552,0.47,9450,6.19,25754,12.31,25334,-0.19,19144,17.6,15631,13.91,17551,24.99,10679,7.74,23080,16.89,15366,6.68,24183,5.7,25257,0.08,24026,0.15,18149
"E01006684","Liverpool 056B",12.44,4,7,21211,"B","North West",12.44,21008,0.07,23807,0.07,18598,0.1,14596,3.01,29419,19.52,17010,0.18,13630,23.11,11910,32.23,7681,4.86,26212,21.56,12463,17.48,14964,1.7,30134,4.32,26850,0.07,25338,0.14,19784
"E01006685","Liverpool 056C",18.18,3,5,15603,"B","North West",18.18,15435,0.09,19524,0.12,9950,0.7,6928,4.22,28006,16.82,20163,-0.02,16627,23.11,11907,26.58,9938,16.17,15865,10.23,20670,23.4,11471,2.74,28787,5.7,25263,0.13,17948,0.1,24054
"E01006686","Liverpool 053E",11.74,4,7,22074,"B","North West",11.74,21858,0.08,21843,0.09,14851,0.34,11198,4.03,28221,7.52,29829,-0.43,22579,13.84,18924,14.92,16778,11.68,19376,2.11,29603,12.93,18334,2.45,29153,5.6,25366,0.05,27134,0.15,17815
"E01006687","Liverpool 056D",32.27,2,3,7298,"B","North West",32.27,7234,0.18,9702,0.15,6582,1.07,3590,2.33,30247,32.76,5402,0.61,7722,47.07,3186,64.85,1538,11.52,19517,36.75,6233,28.77,8995,0.85,31292,3.81,27464,0.17,14768,0.26,9301
"E01006688","Liverpool 056E",25.4,2,4,10561,"B","North West",25.4,10446,0.12,14743,0.14,6927,0.61,7828,7.99,23642,19.11,17476,0.53,8710,43.96,3921,56.54,2392,18.8,14106,6.3,24603,31.92,7789,8.29,22524,7.7,23125,0.11,20391,0.23,10983
"E01006689","Liverpool 049D",15.22,3,6,18240,"B","North West",15.22,18050,0.09,19264,0.09,13889,0.48,9414,5.68,26317,19.07,17519,-0.57,24346,21.68,12774,28.09,9277,8.85,21973,18.76,14131,19.37,13752,4.1,27107,7.25,23587,0.08,23008,0.18,15382
"E01006690","Liverpool 028A",59.58,1,1,861,"B","North West",59.58,862,0.39,1367,0.29,509,1.72,852,47.85,3564,21.72,14656,-0.04,16985,58.79,1220,80.52,568,15.32,16480,1.55,30333,41.88,4902,68.14,1276,27.57,9502,0.49,2392,0.47,1563
"E01006691","Liverpool 030A",67.37,1,1,336,"B","North West",67.37,345,0.43,763,0.27,767,1.75,758,53.12,2696,19.74,16748,1.06,3144,84.85,16,96.45,72,61.66,1830,1.3,30674,38.19,5830,69.72,1163,36.52,6302,0.59,866,0.41,2900
"E01006692","Liverpool 028B",66.76,1,1,370,"B","North West",66.76,381,0.45,561,0.3,397,1.89,505,56.59,2230,24.56,11836,0.29,12079,58.91,1201,87.01,324,2.71,28824,16.39,15714,32.74,7502,72.34,992,40.84,5148,0.59,879,0.57,571
"E01006693","Liverpool 024D",64.75,1,1,472,"B","North West",64.75,486,0.45,560,0.37,110,2.24,160,31.8,7685,21.53,14851,0.9,4498,29.12,8873,29.47,8714,28.43,9136,8.41,22403,34.64,6873,19.26,13817,44.34,4362,0.57,1110,0.53,840
"E01006694","Liverpool 030B",57.71,1,1,1075,"B","North West",57.71,1079,0.38,1550,0.24,1334,1.4,1808,53.77,2585,15.67,21584,0.54,8606,75.61,169,98.69,26,29.45,8721,1.38,30561,29.95,8523,47.72,3708,59.82,2017,0.59,862,0.38,3853
"E01006695","Liverpool 028C",58.84,1,1,938,"B","North West",58.84,936,0.34,2589,0.31,341,2.06,295,24.42,10827,20.84,15602,1.02,3485,53.9,1852,74.03,892,13.64,17765,1.02,31053,40.67,5191,20.56,13039,28.28,9200,0.35,6326,0.47,1599
"E01006696","Liverpool 030C",61.3,1,1,707,"B","North West",61.3,720,0.38,1617,0.24,1362,2,353,43.27,4497,21.2,15218,1.29,1752,62.27,876,61.45,1850,63.92,1619,3.51,27825,38.89,5641,38.44,5762,48.09,3642,0.42,4129,0.68,214
"E01006697","Liverpool 030D",58.44,1,1,990,"B","North West",58.44,989,0.39,1389,0.23,1732,1.51,1411,49.87,3200,15.38,21905,0.83,5219,78.75,83,96.22,77,43.8,4476,0.23,32161,30.53,8303,52.02,3003,47.72,3708,0.49,2344,0.36,4395
"E01006698","Liverpool 012D",44.93,1,1,3243,"B","North West",44.93,3241,0.27,4784,0.18,3759,1.28,2362,36.17,6294,15.59,21660,0.67,6911,70.74,337,88.8,268,34.62,6879,3.35,28021,27.82,9392,23.14,11607,49.19,3452,0.39,4968,0.39,3479
"E01006699","Liverpool 014A",76.45,1,1,61,"B","North West",76.45,63,0.48,321,0.36,111,2.43,73,70.22,868,18.76,17897,1.1,2890,58.2,1295,63.35,1670,47.9,3676,5.27,25743,32.24,7675,63.9,1620,76.54,756,0.69,227,0.49,1347
"E01006700","Liverpool 012E",69.24,1,1,264,"B","North West",69.24,273,0.4,1239,0.31,336,2.1,240,47.12,3716,14.95,22392,1.45,1128,74.33,214,82.01,506,58.96,2110,0.71,31484,29.18,8827,37.94,5898,56.29,2422,0.44,3521,0.46,1739
"E01006701","Liverpool 014B",58.07,1,1,1030,"B","North West",58.07,1032,0.31,3245,0.23,1571,1.75,757,51.48,2956,19.55,16976,1.8,384,52.55,2056,47.98,3662,61.7,1826,4.27,26902,34.82,6816,46.65,3905,56.3,2421,0.49,2392,0.43,2435
"E01006702","Liverpool 014C",68.7,1,1,278,"B","North West",68.7,288,0.47,366,0.31,349,1.77,725,68.11,1017,18.49,18194,0.79,5569,49.13,2737,62.31,1767,22.77,11802,3.26,28134,33.73,7169,56.55,2390,79.66,606,0.62,578,0.49,1329
"E01006703","Liverpool 014D",77.5,1,1,42,"B","North West",77.5,43,0.51,205,0.39,63,2.2,184,59.13,1915,24.71,11698,1.52,910,53.4,1927,42.74,4708,74.74,852,11.19,19803,38.22,5822,48.97,3489,69.28,1194,0.66,356,0.58,534
"E01006705","Liverpool 009E",53.26,1,1,1651,"B","North West",53.26,1657,0.31,3317,0.23,1776,1.52,1388,40.61,5159,15.14,22176,0.9,4535,75.99,152,94.58,114,38.81,5662,0.15,32275,30.13,8453,37.14,6123,44.08,4416,0.45,3178,0.29,7667
"E01006706","Liverpool 045A",58.02,1,1,1036,"B","North West",58.02,1038,0.41,1043,0.26,965,1.74,793,75.4,541,28.95,7977,-0.14,18316,4.77,29101,3.77,27513,6.78,24083,25.6,10389,32.29,7657,66.87,1373,83.94,431,0.55,1398,0.51,1066
"E01006707","Liverpool 045B",52.02,1,1,1846,"B","North West",52.02,1851,0.41,1070,0.25,1142,1.37,1917,64.04,1366,21.74,14639,-0.11,17949,2.97,30953,2.11,29599,4.7,26406,6.71,24157,36.77,6229,60.79,1917,67.3,1339,0.53,1547,0.44,2204
"E01006708","Liverpool 045C",45.16,1,1,3192,"B","North West",45.16,3189,0.28,4396,0.2,2675,1.32,2156,56.51,2239,25.97,10519,0.69,6661,18.61,14849,15.98,15999,23.86,11239,21.08,12735,30.86,8176,65.5,1483,47.53,3743,0.28,9198,0.42,2669
"E01006709","Liverpool 040A",53.21,1,1,1656,"B","North West",53.21,1662,0.34,2464,0.23,1669,1.37,1886,53.95,2547,20.85,15593,-0.03,16746,67.79,467,92.47,166,18.45,14331,4.61,26510,37.1,6133,56.89,2349,51.02,3156,0.37,5568,0.49,1291
"E01006710","Liverpool 045D",38.1,1,2,5189,"B","North West",38.1,5149,0.23,6732,0.17,4514,0.96,4432,41.07,5026,38.16,2917,-0.17,18830,30.36,8357,42.37,4790,6.33,24567,45.02,4223,31.3,8015,41.34,5029,40.81,5157,0.32,7487,0.27,8472
"E01006711","Liverpool 027A",57.9,1,1,1052,"B","North West",57.9,1053,0.35,2210,0.3,445,1.58,1217,29.65,8477,17.13,19773,0.77,5768,70.66,339,92.5,165,26.97,9762,4.58,26544,29.68,8630,22.85,11762,36.45,6320,0.42,4050,0.4,3036
"E01006712","Liverpool 029D",38.47,1,2,5071,"B","North West",38.47,5031,0.25,5780,0.17,4775,1.03,3917,20.59,13000,13.41,24111,0.59,7909,67.32,498,92.27,171,17.4,15016,1.33,30639,25.49,10437,17.39,15023,23.79,11273,0.29,8732,0.39,3479
"E01006713","Liverpool 029E",36.3,1,2,5824,"B","North West",36.3,5770,0.2,8431,0.17,4935,0.81,5783,25.04,10525,14.53,22840,0.25,12705,77.45,110,84.59,407,63.15,1688,0.88,31254,28.18,9238,18.27,14448,31.82,7827,0.23,11300,0.29,7737
"E01006716","Liverpool 032E",49.72,1,1,2220,"B","North West",49.72,2225,0.31,3495,0.21,2522,1.79,673,30.98,7991,20.53,15913,0.32,11613,68.15,440,79.51,613,45.45,4137,11.73,19334,29.32,8772,25.87,10260,36.09,6428,0.38,5400,0.64,324
"E01006717","Liverpool 027D",25.64,2,4,10439,"B","North West",25.64,10330,0.16,11120,0.12,9225,0.54,8728,14.21,17759,20.08,16412,0.51,8934,40.67,4819,50.71,3204,20.6,13014,10.5,20421,29.67,8635,8.97,21859,19.46,13694,0.23,11548,0.24,10382
"E01006718","Liverpool 027E",34.34,1,2,6501,"B","North West",34.34,6436,0.21,7837,0.19,3598,0.95,4566,18.09,14694,18.75,17905,0.22,13190,48.31,2903,64.14,1599,16.64,15538,10.01,20875,27.5,9530,15.91,16049,20.27,13207,0.25,10551,0.35,5035
"E01006719","Liverpool 027F",30.65,2,3,7988,"B","North West",30.65,7910,0.19,9033,0.13,8559,0.56,8403,21.93,12237,16.93,20011,0.7,6576,56.72,1475,74.06,890,22.03,12204,6.26,24640,27.6,9489,15.91,16054,27.96,9334,0.25,10393,0.31,6663
"E01006720","Liverpool 035A",58.85,1,1,932,"B","North West",58.85,931,0.4,1170,0.23,1617,1.89,514,43.12,4529,16.27,20869,0.41,10249,75.28,183,87.86,297,50.13,3297,1.04,31031,31.51,7937,52.1,2992,34.14,7033,0.58,923,0.54,743
"E01006721","Liverpool 038C",61.18,1,1,719,"B","North West",61.18,732,0.42,870,0.26,943,1.98,371,39.28,5479,17.82,18960,0.48,9323,65.31,637,81.14,542,33.65,7196,3.33,28045,32.3,7654,46.79,3878,31.78,7841,0.74,110,0.6,420
"E01006722","Liverpool 038D",35.05,1,2,6260,"B","North West",35.05,6201,0.2,8429,0.1,12497,1.51,1402,31.64,7750,16.49,20594,-0.03,16782,68.11,444,84.27,419,35.79,6519,0.01,32462,32.96,7428,39.54,5472,23.74,11300,0.39,4938,0.45,2028
"E01006723","Liverpool 038E",40.79,1,2,4351,"B","North West",40.79,4333,0.23,6806,0.15,6323,1.51,1413,24.32,10880,17.73,19063,0.55,8381,75.24,185,93.46,141,38.81,5664,0.22,32172,35.24,6686,33.19,7350,15.45,16386,0.5,2159,0.45,1892
"E01006724","Liverpool 038F",26.41,2,4,10034,"B","North West",26.41,9932,0.13,14177,0.1,12514,0.93,4736,19.57,13683,15.24,22077,0.57,8168,51.03,2333,62.66,1734,27.78,9408,1.11,30931,29.36,8757,24.33,11002,14.81,16861,0.22,11718,0.28,8113
"E01006725","Liverpool 035B",48.69,1,1,2437,"B","North West",48.69,2443,0.31,3368,0.21,2241,1.64,1029,37.19,6027,21.7,14673,-0.18,18931,62.58,852,79.37,619,28.99,8907,11.87,19215,31.52,7934,40.3,5281,34.07,7055,0.47,2774,0.4,3231
"E01006726","Liverpool 035C",39,1,2,4903,"B","North West",39,4868,0.25,5728,0.15,6661,1.16,3044,43.08,4544,17.77,19018,-0.05,17078,63.21,798,86.05,356,17.54,14924,0.54,31721,35,6759,62.02,1795,24.14,11098,0.45,3200,0.28,8128
"E01006727","Liverpool 035D",36.25,1,2,5836,"B","North West",36.25,5782,0.21,8041,0.15,6487,0.86,5325,24.25,10918,25.91,10582,0.31,11661,69.51,379,86.92,327,34.69,6858,21.09,12731,30.72,8228,22.23,12092,26.26,10081,0.37,5501,0.29,7531
"E01006728","Liverpool 035E",54.88,1,1,1419,"B","North West",54.88,1427,0.37,1674,0.23,1831,1.79,664,43.63,4418,19.26,17300,-0.19,19095,68.22,438,91.36,195,21.93,12258,3.2,28212,35.33,6658,50.51,3236,36.75,6235,0.6,824,0.52,984
"E01006729","Liverpool 008C",59.63,1,1,856,"B","North West",59.63,857,0.4,1162,0.24,1478,1.52,1382,50.78,3053,18.44,18242,0.77,5811,74.3,216,99.26,15,24.4,10968,7.77,23047,29.12,8854,42.28,4810,59.27,2076,0.63,532,0.41,2981
"E01006730","Liverpool 011C",54.12,1,1,1520,"B","North West",54.12,1528,0.36,1903,0.24,1329,1.6,1155,47.39,3660,25.08,11330,0.68,6836,40.42,4890,39.91,5380,41.43,5007,15.38,16435,34.77,6832,35.04,6749,59.74,2026,0.45,3352,0.49,1353
"E01006731","Liverpool 011D",53.45,1,1,1623,"B","North West",53.45,1631,0.34,2449,0.24,1305,1.83,603,48.82,3379,18.51,18177,0.81,5371,33.95,6972,36.19,6399,29.47,8713,6.23,24675,30.8,8201,48.72,3532,48.91,3499,0.44,3529,0.44,2121
"E01006732","Liverpool 011E",76.79,1,1,55,"B","North West",76.79,57,0.55,76,0.28,677,1.89,516,64.12,1360,20,16489,1.67,583,75.6,171,99.68,7,27.44,9556,9.68,21177,30.32,8380,60.12,1986,68.13,1277,0.75,98,0.52,1001
"E01006734","Liverpool 005C",68.52,1,1,287,"B","North West",68.52,297,0.42,879,0.26,985,1.91,485,69.05,949,24.63,11769,1.21,2173,62.53,855,88.87,266,9.86,21013,16.69,15501,32.58,7559,77.01,732,61.1,1885,0.53,1660,0.52,948
"E01006735","Liverpool 005D",60.12,1,1,811,"B","North West",60.12,812,0.37,1870,0.26,971,1.75,763,75.55,531,29.87,7266,0.56,8272,29.42,8764,33.7,7179,20.88,12850,26.69,9885,33.06,7394,61.9,1806,89.2,256,0.46,3115,0.48,1417
"E01006736","Liverpool 005E",58.29,1,1,1008,"B","North West",58.29,1008,0.4,1159,0.24,1442,1.55,1308,50.45,3117,24.45,11936,1.54,846,28.34,9226,34.62,6879,15.76,16158,20.3,13192,28.61,9061,43.97,4440,56.92,2345,0.56,1224,0.55,670
"E01006737","Liverpool 005F",52.6,1,1,1748,"B","North West",52.6,1754,0.38,1453,0.23,1668,1.67,974,48.88,3367,26.9,9660,0.4,10415,23.15,11880,25.59,10394,18.27,14443,20.42,13119,33.37,7287,44.32,4366,53.44,2798,0.56,1168,0.5,1198
"E01006738","Liverpool 058A",52.7,1,1,1731,"B","North West",52.7,1737,0.35,2144,0.24,1463,1.38,1865,58.76,1956,21.91,14469,-0.33,21118,53.63,1890,75.17,828,10.55,20375,13.78,17652,30.03,8492,42.39,4785,75.12,831,0.52,1834,0.39,3310
"E01006739","Liverpool 058B",66.25,1,1,390,"B","North West",66.25,401,0.45,572,0.26,981,1.63,1059,72.85,715,18.36,18324,1.16,2494,51.6,2225,75.6,805,3.61,27705,6.82,24037,29.91,8541,61.62,1834,84.08,426,0.6,750,0.55,683
"E01006740","Liverpool 057A",74.9,1,1,81,"B","North West",74.9,84,0.47,398,0.36,114,2.22,170,61.42,1648,29.22,7768,0.56,8333,67.54,484,84.93,395,32.75,7499,22.68,11850,35.77,6525,37.69,5967,85.15,387,0.54,1446,0.52,937
"E01006741","Liverpool 058C",59.21,1,1,887,"B","North West",59.21,888,0.34,2515,0.25,1105,1.53,1346,75.28,548,18.72,17941,0.62,7519,59.56,1129,87.76,300,3.17,28247,6.51,24371,30.94,8149,67.73,1307,82.84,473,0.44,3530,0.45,2051
"E01006742","Liverpool 057B",38.54,1,2,5052,"B","North West",38.54,5012,0.22,7136,0.17,4336,1.23,2619,32.23,7542,18.67,18012,0.33,11395,53.78,1869,76.69,748,7.95,22868,9.74,21122,27.61,9484,35.39,6638,29.06,8878,0.25,10239,0.37,4187
"E01006743","Liverpool 058D",39.15,1,2,4857,"B","North West",39.15,4827,0.22,7611,0.17,4530,1.19,2852,29.42,8552,28.23,8563,0.76,5971,45.85,3441,61.85,1811,13.84,17607,28.04,9298,28.42,9139,19.03,13961,39.82,5403,0.25,10322,0.36,4505
"E01006744","Liverpool 057C",37.99,1,2,5222,"B","North West",37.99,5182,0.24,6219,0.16,5636,1.37,1922,32.46,7462,16.65,20389,0.1,14775,53.68,1884,74.83,847,11.39,19633,4.27,26909,29.03,8890,27.2,9660,37.72,5959,0.35,6491,0.42,2629
"E01006745","Liverpool 057D",46.66,1,1,2838,"B","North West",46.66,2838,0.26,5430,0.23,1820,1.19,2840,42.7,4617,19.73,16769,0.39,10508,63.42,777,86.2,351,17.87,14708,2.68,28865,36.77,6227,40.89,5137,44.51,4326,0.34,6666,0.37,4154
"E01006746","Liverpool 030E",65.08,1,1,452,"B","North West",65.08,465,0.42,830,0.29,517,2.1,249,57.73,2082,21.04,15403,0.8,5518,45.11,3622,47.56,3737,40.22,5301,8.53,22285,33.54,7231,59.47,2055,56,2459,0.54,1517,0.55,732
"E01006747","Liverpool 031B",29.03,2,3,8739,"B","North West",29.03,8646,0.12,15319,0.08,17468,1.58,1198,18.65,14309,19.61,16901,0.3,11835,60.99,989,69.38,1187,44.22,4387,1.48,30435,37.75,5951,29.77,8593,7.53,23295,0.52,1818,0.52,917
"E01006748","Liverpool 031C",46.2,1,1,2941,"B","North West",46.2,2944,0.28,4433,0.16,5252,1.5,1444,51.63,2931,23.68,12700,-0.23,19776,72.02,288,88.64,273,38.79,5669,13.23,18088,34.12,7039,72.17,1003,31.1,8088,0.59,840,0.43,2378
"E01006751","Liverpool 031F",44.57,1,2,3329,"B","North West",44.57,3326,0.3,3599,0.16,5338,2.04,316,53.52,2627,21.4,14980,0.17,13768,23.03,11948,11.24,19764,46.61,3913,3.43,27919,39.37,5518,57.14,2319,49.91,3333,0.64,448,0.64,321
"E01006752","Liverpool 035F",53.93,1,1,1545,"B","North West",53.93,1552,0.29,4100,0.22,2146,1.81,635,38.49,5682,20.17,16307,1.1,2856,71.92,291,71.86,1022,72.04,1011,1.49,30422,38.86,5650,45.61,4106,31.37,7989,0.3,8052,0.38,3642
"E01006753","Liverpool 059A",63.71,1,1,542,"B","North West",63.71,551,0.39,1370,0.26,918,1.63,1062,65.49,1231,22.95,13419,1.07,3116,60,1090,81.11,543,17.79,14759,13.39,17960,32.51,7582,57.92,2228,73.05,949,0.52,1816,0.54,801
"E01006754","Liverpool 059B",61.56,1,1,689,"B","North West",61.56,701,0.36,1895,0.23,1562,2.05,301,65.5,1227,25.3,11123,0.04,15704,74.2,221,72.12,1006,78.36,666,13.31,18026,37.28,6081,75.16,829,55.85,2477,0.44,3451,0.58,530
"E01006755","Liverpool 059C",82,1,1,5,"B","North West",82,6,0.5,214,0.34,189,2.06,287,82.5,264,20.64,15801,1.7,531,70.18,357,79.86,597,50.81,3188,3.49,27855,37.8,5936,80.39,574,84.62,406,0.64,490,0.63,337
"E01006756","Liverpool 059D",71.91,1,1,162,"B","North West",71.91,169,0.45,549,0.31,368,1.62,1096,84.09,217,22.67,13692,0.99,3756,58.84,1213,76.17,775,24.18,11075,13.05,18237,32.29,7659,76.32,767,91.85,182,0.53,1647,0.53,897
"E01006757","Liverpool 059E",67.32,1,1,340,"B","North West",67.32,349,0.42,905,0.28,666,1.73,814,66.58,1141,26.48,10030,1.09,2985,56.97,1439,75.62,804,19.67,13569,18.39,14369,34.57,6896,74.9,843,58.26,2189,0.51,2061,0.56,639
"E01006758","Liverpool 059F",64.02,1,1,515,"B","North West",64.02,525,0.4,1152,0.27,717,1.71,883,62.42,1530,21.82,14567,0.82,5330,60.82,1008,70.71,1096,41.04,5100,11.04,19937,32.6,7551,65.31,1499,59.52,2049,0.47,2773,0.48,1415
"E01006759","Liverpool 028D",57.33,1,1,1122,"B","North West",57.33,1127,0.26,5265,0.25,1146,2.03,324,22.43,11951,19.59,16934,2.07,134,67.27,502,76.93,736,47.95,3666,6.43,24460,32.75,7500,12.52,18673,32.34,7640,0.26,9816,0.35,4879
"E01006760","Liverpool 028E",72.73,1,1,138,"B","North West",72.73,144,0.39,1275,0.38,73,2.62,42,36.47,6213,27.23,9394,1.5,938,71.23,315,82.94,469,47.81,3691,14.84,16837,39.61,5455,42.44,4774,30.5,8314,0.43,3807,0.46,1820
"E01006761","Liverpool 020B",57.47,1,1,1100,"B","North West",57.47,1103,0.34,2583,0.28,644,1.6,1137,37.95,5820,18.02,18724,0.98,3795,64.15,723,81.18,540,30.07,8476,1.27,30721,34.78,6830,44.68,4293,31.23,8039,0.45,3292,0.37,4233
"E01006762","Liverpool 015E",52.61,1,1,1744,"B","North West",52.61,1750,0.36,2086,0.23,1548,1.67,955,47.55,3621,17.53,19294,0.41,10220,48.07,2959,67.62,1315,8.97,21853,3.84,27421,31.23,8041,44.91,4245,50.19,3288,0.55,1302,0.41,2859
"E01006763","Liverpool 020C",45.36,1,1,3129,"B","North West",45.36,3131,0.33,2726,0.18,3871,1.23,2627,33.77,7023,19.28,17283,0.16,13943,66.96,523,91.4,194,18.07,14578,12.65,18563,25.91,10242,25.86,10266,41.69,4947,0.55,1371,0.33,5567
"E01006764","Liverpool 020D",55.62,1,1,1309,"B","North West",55.62,1313,0.32,3217,0.24,1366,1.71,870,33.34,7176,17.97,18786,1.24,1989,68.59,423,85.82,364,34.14,7035,2.02,29715,33.92,7106,28.81,8979,37.86,5919,0.47,2839,0.39,3422
"E01006765","Liverpool 020E",44.27,1,2,3393,"B","North West",44.27,3389,0.26,5450,0.19,3415,1.08,3548,32.5,7446,16.74,20265,0.84,5096,74.3,217,90.81,210,41.28,5044,6.39,24500,27.09,9708,36.19,6398,28.82,8975,0.31,7977,0.38,3765
"E01006766","Liverpool 019E",66.87,1,1,360,"B","North West",66.87,369,0.43,780,0.24,1323,2.08,268,64.44,1326,15.98,21184,0.92,4301,74.2,220,92.12,175,38.37,5780,0.78,31381,31.18,8059,67.15,1351,61.74,1822,0.6,748,0.51,1098
"E01006767","Liverpool 019F",54.31,1,1,1500,"B","North West",54.31,1508,0.36,2011,0.22,2039,1.34,2033,41.09,5019,23.75,12634,1.09,2938,62.34,870,80.09,587,26.83,9824,18.98,13995,28.51,9101,46.79,3879,35.38,6641,0.5,2222,0.47,1650
"E01006768","Liverpool 020F",40.67,1,2,4391,"B","North West",40.67,4370,0.21,7658,0.22,1947,1.08,3583,15.26,16895,22.19,14182,0.87,4791,52.94,1995,67.59,1317,23.62,11358,14.6,17020,29.79,8588,14.69,16947,15.83,16112,0.26,9685,0.25,9585
"E01006769","Liverpool 040B",67,1,1,354,"B","North West",67,363,0.43,743,0.33,250,1.93,439,44.92,4151,17.13,19775,0.45,9695,75.74,162,98.13,37,30.97,8137,0.12,32314,34.13,7036,35.7,6545,54.15,2700,0.48,2561,0.53,822
"E01006770","Liverpool 040C",53.56,1,1,1604,"B","North West",53.56,1612,0.31,3309,0.25,1188,1.42,1714,57.85,2070,22.31,14059,-0.33,21158,66.66,545,86.44,343,27.11,9699,12.01,19101,32.62,7543,57.45,2283,58.25,2190,0.32,7539,0.46,1727
"E01006771","Liverpool 040D",63.86,1,1,528,"B","North West",63.86,537,0.44,584,0.31,351,1.88,528,54.7,2442,35.12,4188,0.51,9002,12.31,20419,9.21,21620,18.5,14295,39.7,5433,30.55,8294,59.95,2004,49.45,3408,0.61,649,0.52,965
"E01006772","Liverpool 040E",35.87,1,2,5964,"B","North West",35.87,5907,0.23,6847,0.18,3855,1.06,3665,31.9,7645,16.02,21146,0.6,7805,30.07,8479,34.44,6937,21.34,12588,4.29,26879,27.74,9427,35.39,6640,28.41,9142,0.21,12453,0.37,4125
"E01006773","Liverpool 036D",15.98,3,6,17527,"B","North West",15.98,17340,0.1,17084,0.09,14439,0.34,11089,9.97,21604,14.8,22543,-0.18,18994,24.07,11359,30.52,8307,11.18,19814,8.09,22723,21.51,12491,6.41,24480,13.54,17840,0.13,17880,0.18,15526
"E01006774","Liverpool 036E",14.44,3,6,18975,"B","North West",14.44,18772,0.1,17633,0.08,15885,0.34,11107,8.85,22738,14.42,22988,0.08,15229,12.88,19861,14.56,17050,9.52,21331,9.43,21418,19.41,13727,2.9,28590,14.81,16858,0.1,21405,0.25,9848
"E01006775","Liverpool 040F",64.03,1,1,514,"B","North West",64.03,524,0.44,588,0.31,343,1.87,540,68.85,964,26.92,9638,0.04,15723,19.35,14306,9.26,21574,39.52,5478,19.45,13699,34.38,6956,64.18,1596,73.53,921,0.51,2004,0.61,402
"E01006776","Liverpool 022B",46.43,1,1,2888,"B","North West",46.43,2890,0.31,3517,0.21,2335,1.68,939,52.12,2847,24.8,11617,0.48,9396,10.89,21917,5.17,25857,22.34,12034,16.13,15893,33.46,7257,58.68,2142,45.56,4114,0.44,3452,0.44,2254
"E01006778","Liverpool 014E",79.57,1,1,28,"B","North West",79.57,28,0.58,36,0.42,31,2.99,8,74.01,630,22.53,13822,1.06,3172,46.64,3275,49.53,3395,40.86,5145,9.01,21820,36.06,6438,60.97,1898,87.04,323,0.79,51,0.71,181
"E01006779","Liverpool 022D",75.68,1,1,68,"B","North West",75.68,70,0.55,74,0.38,80,2.45,68,77.64,444,29.1,7866,0.57,8177,24.38,11180,9.45,21399,54.26,2685,20.87,12855,37.32,6071,68.81,1227,86.47,342,0.71,171,0.66,270
"E01006780","Liverpool 002D",36.18,1,2,5863,"B","North West",36.18,5807,0.16,11707,0.14,7376,1.01,4077,27.15,9550,15.47,21795,1.49,1001,56.92,1447,61.65,1831,47.47,3753,6.38,24510,24.57,10885,23.91,11214,30.4,8352,0.24,10680,0.2,13410
"E01006781","Liverpool 003A",19.54,3,5,14475,"B","North West",19.54,14336,0.11,16573,0.11,11174,0.5,9177,17.26,15325,13.94,23518,0.07,15301,25.63,10535,24.18,11076,28.54,9091,4.03,27188,23.84,11247,10.55,20378,23.97,11180,0.16,15313,0.19,14285
"E01006782","Liverpool 003B",40.07,1,2,4564,"B","North West",40.07,4539,0.24,6173,0.18,4065,1.13,3216,22.09,12135,14.73,22623,0.8,5560,64.53,706,77.59,703,38.4,5774,0.7,31491,28.76,8999,15.16,16595,29.02,8892,0.37,5592,0.32,6005
"E01006783","Liverpool 002E",38.35,1,2,5107,"B","North West",38.35,5066,0.22,7574,0.14,6941,1.02,4030,25.88,10131,12.27,25378,1.21,2140,66.79,533,75.98,785,48.43,3583,0.21,32184,24.32,11006,23.1,11630,28.66,9042,0.26,10065,0.4,3267
"E01006784","Liverpool 003C",30.54,2,3,8029,"B","North West",30.54,7951,0.17,10715,0.14,7219,1.04,3822,17.25,15336,12.8,24808,0.24,12876,57.62,1360,71.74,1030,29.39,8745,0.07,32378,25.52,10425,16.03,15970,18.47,14315,0.18,14323,0.48,1521
"E01006785","Liverpool 003D",43.62,1,2,3550,"B","North West",43.62,3540,0.22,7377,0.18,4025,1.22,2674,28.1,9125,20.9,15543,1.46,1086,59.37,1150,74.49,866,29.14,8844,17.34,15062,24.46,10937,31.01,8120,25.18,10588,0.31,7969,0.3,7070
"E01006786","Liverpool 003E",29.5,2,3,8496,"B","North West",29.5,8407,0.14,13374,0.16,5582,0.94,4585,18.51,14413,14.84,22494,0.69,6727,39.95,5019,41.54,4982,36.76,6230,4,27232,25.68,10349,14.25,17288,22.77,11804,0.18,14417,0.17,16585
"E01006787","Liverpool 006A",53.73,1,1,1576,"B","North West",53.73,1585,0.26,5236,0.24,1327,1.75,754,44.17,4299,26.23,10276,1,3640,57.36,1392,76.75,745,18.57,14252,21.54,12472,30.92,8154,40.44,5248,47.9,3676,0.36,6084,0.36,4493
"E01006788","Liverpool 006B",36.57,1,2,5711,"B","North West",36.57,5662,0.21,7858,0.15,6106,1.04,3808,24.09,11006,31.66,6052,0.67,6909,47.03,3198,67.69,1310,5.71,25251,41.14,5077,22.18,12122,15.26,16525,32.92,7439,0.3,8047,0.26,9072
"E01006790","Liverpool 006C",71.56,1,1,173,"B","North West",71.56,181,0.46,495,0.31,332,2.33,108,50.28,3137,19.86,16626,1.39,1316,56.88,1456,69.51,1178,31.61,7900,4.38,26780,35.34,6655,41.64,4958,58.91,2116,0.61,713,0.54,790
"E01006791","Liverpool 006D",61.23,1,1,716,"B","North West",61.23,729,0.39,1280,0.29,520,1.76,735,48.68,3403,21.48,14912,1.17,2391,37.58,5746,42.49,4763,27.76,9418,10,20878,32.95,7430,41.48,4996,55.89,2473,0.51,2090,0.53,910
"E01006792","Liverpool 046A",9.38,4,8,25108,"B","North West",9.38,24854,0.05,27216,0.06,22125,-0.21,18991,1.46,31247,27.26,9364,-0.14,18326,12.18,20551,7.75,23067,21.03,12762,27.96,9334,26.56,9944,0.81,31340,2.1,29611,0.04,29059,0.08,28078
"E01006793","Liverpool 051A",27.5,2,3,9466,"B","North West",27.5,9367,0.2,8522,0.14,6810,0.79,6008,11.46,20203,25.24,11170,0.23,12908,24.53,11109,29.91,8541,13.76,17663,21.67,12403,28.81,8977,15.78,16148,7.13,23708,0.28,8929,0.24,10178
"E01006794","Liverpool 046B",17.22,3,6,16436,"B","North West",17.22,16263,0.1,17902,0.09,14630,0.28,11970,4.56,27583,15.01,22324,0.83,5205,22.55,12221,19.28,13807,29.09,8867,8.04,22779,21.98,12232,4.79,26294,4.33,26840,0.18,14066,0.1,24343
"E01006795","Liverpool 051B",11.97,4,7,21765,"B","North West",11.97,21552,0.05,26352,0.07,17947,0.25,12371,5.25,26803,18.97,17629,-0.23,19777,22.47,12254,22.5,11948,22.42,11993,11.69,19373,26.26,10081,5.75,25208,4.76,26332,0.03,30368,0.1,24521
"E01006796","Liverpool 047E",9.48,4,8,24951,"B","North West",9.48,24701,0.04,30047,0.05,23790,0.05,15206,1.13,31607,29.72,7380,-0.25,20072,12.67,20071,2.29,29363,33.44,7266,44.78,4272,14.66,16969,0.44,31860,1.81,29990,0.04,29371,0.05,30819
"E01006797","Liverpool 051C",43,1,2,3710,"B","North West",43,3698,0.25,5541,0.23,1725,1.22,2689,26.8,9699,31.85,5943,0.29,11996,36.5,6084,48.65,3544,12.19,18949,30.01,8502,33.68,7183,25.5,10434,28.1,9273,0.21,12388,0.36,4375
"E01006798","Liverpool 051D",14.23,3,6,19181,"B","North West",14.23,18973,0.1,17114,0.08,16926,0.11,14457,5.34,26690,18.31,18389,-0.01,16435,21.82,12665,16.02,15975,33.44,7265,16.75,15464,19.87,13448,2.73,28801,7.95,22866,0.11,20143,0.22,11703
"E01006799","Liverpool 051E",32.52,2,3,7186,"B","North West",32.52,7126,0.24,6121,0.19,3654,0.93,4686,11.63,20038,20.49,15960,-0.45,22794,40.06,4981,56.12,2444,7.95,22863,11.43,19595,29.55,8682,14.09,17412,9.18,21651,0.27,9577,0.37,4302
"E01006800","Liverpool 046C",17.86,3,5,15902,"B","North West",17.86,15727,0.09,19375,0.14,7655,0.29,11871,8.43,23173,12.07,25620,0.47,9536,10.78,22055,8.75,22066,14.84,16840,9.04,21788,15.09,16647,7.84,22973,9.01,21816,0.07,24328,0.1,23974
"E01006801","Liverpool 046D",16.36,3,6,17223,"B","North West",16.36,17038,0.09,19919,0.09,13568,0.54,8708,8.57,23030,18.09,18644,0.3,11794,13.76,19029,8.9,21928,23.48,11433,13.19,18118,22.98,11692,7.65,23169,9.48,21365,0,31602,0.16,16743
"E01032505","Liverpool 050F",36.36,1,2,5804,NA,NA,NA,NA,NA,NA,NA,NA,NA,NA,NA,NA,NA,NA,NA,NA,NA,NA,NA,NA,NA,NA,NA,NA,NA,NA,NA,NA,NA,NA,NA,NA,NA,NA
"E01032506","Liverpool 050G",36.36,1,2,5805,NA,NA,NA,NA,NA,NA,NA,NA,NA,NA,NA,NA,NA,NA,NA,NA,NA,NA,NA,NA,NA,NA,NA,NA,NA,NA,NA,NA,NA,NA,NA,NA,NA,NA
"E01032507","Liverpool 050H",36.36,1,2,5806,NA,NA,NA,NA,NA,NA,NA,NA,NA,NA,NA,NA,NA,NA,NA,NA,NA,NA,NA,NA,NA,NA,NA,NA,NA,NA,NA,NA,NA,NA,NA,NA,NA,NA
"E01032508","Liverpool 027G",59.08,1,1,902,NA,NA,NA,NA,NA,NA,NA,NA,NA,NA,NA,NA,NA,NA,NA,NA,NA,NA,NA,NA,NA,NA,NA,NA,NA,NA,NA,NA,NA,NA,NA,NA,NA,NA
"E01032509","Liverpool 027H",59.08,1,1,903,NA,NA,NA,NA,NA,NA,NA,NA,NA,NA,NA,NA,NA,NA,NA,NA,NA,NA,NA,NA,NA,NA,NA,NA,NA,NA,NA,NA,NA,NA,NA,NA,NA,NA
"E01032510","Liverpool 008F",42.81,1,2,3763,NA,NA,NA,NA,NA,NA,NA,NA,NA,NA,NA,NA,NA,NA,NA,NA,NA,NA,NA,NA,NA,NA,NA,NA,NA,NA,NA,NA,NA,NA,NA,NA,NA,NA
"E01032511","Liverpool 008G",42.81,1,2,3764,NA,NA,NA,NA,NA,NA,NA,NA,NA,NA,NA,NA,NA,NA,NA,NA,NA,NA,NA,NA,NA,NA,NA,NA,NA,NA,NA,NA,NA,NA,NA,NA,NA,NA
"E01033747","Liverpool 018F",81.53,1,1,12,NA,NA,NA,NA,NA,NA,NA,NA,NA,NA,NA,NA,NA,NA,NA,NA,NA,NA,NA,NA,NA,NA,NA,NA,NA,NA,NA,NA,NA,NA,NA,NA,NA,NA
"E01033748","Liverpool 050I",38.99,1,2,4907,NA,NA,NA,NA,NA,NA,NA,NA,NA,NA,NA,NA,NA,NA,NA,NA,NA,NA,NA,NA,NA,NA,NA,NA,NA,NA,NA,NA,NA,NA,NA,NA,NA,NA
"E01033749","Liverpool 042F",16.49,3,6,17103,NA,NA,NA,NA,NA,NA,NA,NA,NA,NA,NA,NA,NA,NA,NA,NA,NA,NA,NA,NA,NA,NA,NA,NA,NA,NA,NA,NA,NA,NA,NA,NA,NA,NA
"E01033750","Liverpool 061A",43.16,1,2,3667,NA,NA,NA,NA,NA,NA,NA,NA,NA,NA,NA,NA,NA,NA,NA,NA,NA,NA,NA,NA,NA,NA,NA,NA,NA,NA,NA,NA,NA,NA,NA,NA,NA,NA
"E01033751","Liverpool 062A",25.98,2,4,10251,NA,NA,NA,NA,NA,NA,NA,NA,NA,NA,NA,NA,NA,NA,NA,NA,NA,NA,NA,NA,NA,NA,NA,NA,NA,NA,NA,NA,NA,NA,NA,NA,NA,NA
"E01033752","Liverpool 062B",31.61,2,3,7582,NA,NA,NA,NA,NA,NA,NA,NA,NA,NA,NA,NA,NA,NA,NA,NA,NA,NA,NA,NA,NA,NA,NA,NA,NA,NA,NA,NA,NA,NA,NA,NA,NA,NA
"E01033753","Liverpool 062C",31.61,2,3,7583,NA,NA,NA,NA,NA,NA,NA,NA,NA,NA,NA,NA,NA,NA,NA,NA,NA,NA,NA,NA,NA,NA,NA,NA,NA,NA,NA,NA,NA,NA,NA,NA,NA,NA
"E01033754","Liverpool 061B",39.22,1,2,4827,NA,NA,NA,NA,NA,NA,NA,NA,NA,NA,NA,NA,NA,NA,NA,NA,NA,NA,NA,NA,NA,NA,NA,NA,NA,NA,NA,NA,NA,NA,NA,NA,NA,NA
"E01033755","Liverpool 062D",25.98,2,4,10252,NA,NA,NA,NA,NA,NA,NA,NA,NA,NA,NA,NA,NA,NA,NA,NA,NA,NA,NA,NA,NA,NA,NA,NA,NA,NA,NA,NA,NA,NA,NA,NA,NA,NA
"E01033756","Liverpool 061C",39.22,1,2,4828,NA,NA,NA,NA,NA,NA,NA,NA,NA,NA,NA,NA,NA,NA,NA,NA,NA,NA,NA,NA,NA,NA,NA,NA,NA,NA,NA,NA,NA,NA,NA,NA,NA,NA
"E01033757","Liverpool 037E",64.82,1,1,467,NA,NA,NA,NA,NA,NA,NA,NA,NA,NA,NA,NA,NA,NA,NA,NA,NA,NA,NA,NA,NA,NA,NA,NA,NA,NA,NA,NA,NA,NA,NA,NA,NA,NA
"E01033758","Liverpool 060B",31.61,2,3,7584,NA,NA,NA,NA,NA,NA,NA,NA,NA,NA,NA,NA,NA,NA,NA,NA,NA,NA,NA,NA,NA,NA,NA,NA,NA,NA,NA,NA,NA,NA,NA,NA,NA,NA
"E01033759","Liverpool 010F",58.85,1,1,934,NA,NA,NA,NA,NA,NA,NA,NA,NA,NA,NA,NA,NA,NA,NA,NA,NA,NA,NA,NA,NA,NA,NA,NA,NA,NA,NA,NA,NA,NA,NA,NA,NA,NA
"E01033760","Liverpool 060C",31.61,2,3,7585,NA,NA,NA,NA,NA,NA,NA,NA,NA,NA,NA,NA,NA,NA,NA,NA,NA,NA,NA,NA,NA,NA,NA,NA,NA,NA,NA,NA,NA,NA,NA,NA,NA,NA
"E01033761","Liverpool 060D",39.22,1,2,4829,NA,NA,NA,NA,NA,NA,NA,NA,NA,NA,NA,NA,NA,NA,NA,NA,NA,NA,NA,NA,NA,NA,NA,NA,NA,NA,NA,NA,NA,NA,NA,NA,NA,NA
"E01033762","Liverpool 060E",31.61,2,3,7586,NA,NA,NA,NA,NA,NA,NA,NA,NA,NA,NA,NA,NA,NA,NA,NA,NA,NA,NA,NA,NA,NA,NA,NA,NA,NA,NA,NA,NA,NA,NA,NA,NA,NA
"E01033763","Liverpool 031G",64.65,1,1,476,NA,NA,NA,NA,NA,NA,NA,NA,NA,NA,NA,NA,NA,NA,NA,NA,NA,NA,NA,NA,NA,NA,NA,NA,NA,NA,NA,NA,NA,NA,NA,NA,NA,NA
"E01033764","Liverpool 022E",80.64,1,1,16,NA,NA,NA,NA,NA,NA,NA,NA,NA,NA,NA,NA,NA,NA,NA,NA,NA,NA,NA,NA,NA,NA,NA,NA,NA,NA,NA,NA,NA,NA,NA,NA,NA,NA
"E01033765","Liverpool 061D",43.16,1,2,3668,NA,NA,NA,NA,NA,NA,NA,NA,NA,NA,NA,NA,NA,NA,NA,NA,NA,NA,NA,NA,NA,NA,NA,NA,NA,NA,NA,NA,NA,NA,NA,NA,NA,NA
"E01033766","Liverpool 042G",16.49,3,6,17104,NA,NA,NA,NA,NA,NA,NA,NA,NA,NA,NA,NA,NA,NA,NA,NA,NA,NA,NA,NA,NA,NA,NA,NA,NA,NA,NA,NA,NA,NA,NA,NA,NA,NA
"E01033767","Liverpool 050J",38.99,1,2,4908,NA,NA,NA,NA,NA,NA,NA,NA,NA,NA,NA,NA,NA,NA,NA,NA,NA,NA,NA,NA,NA,NA,NA,NA,NA,NA,NA,NA,NA,NA,NA,NA,NA,NA
"E01033768","Liverpool 037F",64.82,1,1,468,NA,NA,NA,NA,NA,NA,NA,NA,NA,NA,NA,NA,NA,NA,NA,NA,NA,NA,NA,NA,NA,NA,NA,NA,NA,NA,NA,NA,NA,NA,NA,NA,NA,NA
